location,area_park,len_cycle_path,len_major_road,len_minor_road,num_metro_stations,num_other_commercial,num_restuarants,num_university,num_pop,num_bus_stations,num_bus_routes,walkscore,capacity
10002 - Métro Charlevoix (Centre / Charlevoix),5640.491839399999,795.43383898,635.020013768,2438.55220072,1,13,4,0,1800.46410928,12.0,5.0,75.0,19.0
4000 - Jeanne-d'Arc / Ontario,0.0,288.65782682400004,545.357816667,1819.94824757,0,18,10,0,1648.83280337,9.0,4.0,83.0,19.0
4001 - Graham / Brookfield,0.0,748.061954321,2414.63614212,2215.79783273,0,5,2,0,981.138604926,15.0,6.0,73.0,23.0
4002 - Graham / Wicksteed,7862.865063510001,1164.29983956,1755.69522447,2096.04568418,0,2,1,0,1243.33145504,5.0,5.0,77.0,19.0
5006 - Collège Édouard-Montpetit (de Gentilly / de Normandie),0.0,0.0,1462.44431869,894.760334595,0,3,3,0,610.1737347609999,0.0,0.0,65.0,27.0
5007 - Métro Longueuil - Université de Sherbrooke,0.0,0.0,1627.18252827,1434.0685291200002,2,2,2,0,109.537555176,1.0,1.0,64.0,11.0
6001 - Métro Champ-de-Mars (Viger / Sanguinet),9933.36426041,494.24422853,1601.3646275,1696.39029191,1,2,1,0,536.774575948,3.0,2.0,94.0,31.0
6002 - Ste-Catherine / Dezery,30383.0659098,1382.8425104700002,803.8256724919999,3172.84857833,0,13,3,0,1822.85254446,7.0,4.0,67.0,19.0
6003 - Clark / Evans,0.0,406.624723561,484.62200726300006,1302.2866636700005,0,17,3,0,594.2857936649998,6.0,4.0,95.0,19.0
6004 - du Champ-de-Mars / Gosford,1667.23938299,387.186347714,407.512004163,1380.1009680700004,1,15,10,0,642.8618219510001,5.0,4.0,89.0,23.0
6005 - Metcalfe / du Square-Dorchester,4774.11849885,0.0,0.0,399.134620342,0,4,6,0,1.32140338239,1.0,1.0,96.0,31.0
6006 - 18e avenue / Rosemont,36750.9449465,935.572904945,998.146263805,2367.88589472,0,2,0,0,2447.17851059,5.0,3.0,61.0,31.0
6007 - de l'Hôtel-de-Ville / Ste-Catherine,0.0,54.563952137600005,91.6761738764,1208.0135789100002,0,9,9,0,649.3561188169999,1.0,7.0,94.0,31.0
6008 - Sanguinet / Ste-Catherine,0.0,0.0,34.9523529066,540.588425279,0,10,8,0,69.6604293756,0.0,0.0,92.0,27.0
6009 - Crescent / de Maisonneuve,0.0,191.769886505,11.9715192208,740.612072667,0,35,33,0,154.873827141,2.0,3.0,98.0,23.0
6011 - St-André / St-Antoine,20525.7680669,46.4921815783,1995.35911425,1892.95629435,0,2,0,0,977.84944734,4.0,2.0,84.0,27.0
6012 - Métro St-Laurent (de Maisonneuve / St-Laurent),0.0,359.743610771,225.284522166,728.513246417,1,8,2,0,433.000795636,4.0,5.0,93.0,49.0
6013 - Sanguinet / de Maisonneuve,0.0,210.27518289,0.0,523.421841114,0,1,0,0,397.585631767,1.0,1.0,94.0,31.0
6014 - St-Denis / René-Lévesque,0.0,72.2690705688,945.698945584,767.5492210769999,0,8,8,1,817.921532348,7.0,13.0,93.0,43.0
6015 - BAnQ (Berri / de Maisonneuve),0.0,301.90775673,0.0,450.412448073,1,0,1,0,19.5560201017,5.0,6.0,92.0,31.0
6016 - Jacques-Le Ber / de la Pointe Nord,0.0,1062.40327633,188.724059027,1899.54436823,0,0,0,0,162.89278879099996,2.0,4.0,35.0,27.0
6017 - Atateken / du Square Amherst,166.7715441,0.0,159.701686024,1091.93633492,0,9,2,0,1027.77208653,6.0,4.0,93.0,31.0
6018 - St-André / Ontario,0.0,0.0,0.0,1145.42609761,0,5,1,0,686.65906687,1.0,1.0,94.0,19.0
6019 - Métro Sherbrooke (de Rigaud / Berri),4491.70802819,238.673677187,629.1022671190001,1428.32708988,1,23,20,1,1018.44804571,6.0,5.0,95.0,23.0
6020 - Sanguinet / Ontario,0.0,0.0,265.255152831,1097.68669781,0,13,37,0,802.1715023079998,3.0,1.0,93.0,19.0
6021 - de l'Hôtel-de-Ville / Sherbrooke,0.0,0.0,330.471742467,1068.47686731,0,2,0,0,1223.6816880499996,2.0,2.0,94.0,27.0
6022 - William-Tremblay / Molson,0.0,470.525216201,0.0,1055.96032213,0,4,0,0,84.8471998625,4.0,1.0,67.0,23.0
6023 - de la Commune / Berri,44365.3660962,318.893113698,318.89260725400004,1189.55393072,0,1,3,0,393.77041939,2.0,1.0,77.0,51.0
6025 - Notre-Dame / St-Gabriel,4983.32015744,133.56404063899998,168.223942454,1087.25918572,0,17,13,0,79.9975295975,3.0,3.0,94.0,15.0
6026 - de la Commune / Place Jacques-Cartier,54054.9311945,396.070145458,396.070179262,1498.91538781,0,23,30,0,100.670831397,1.0,1.0,84.0,81.0
6027 - de Maisonneuve / Mansfield (sud),0.0,50.2962670966,0.0,133.26455143799998,0,1,0,0,0.0,0.0,0.0,97.0,23.0
6029 - Bourget / St-Jacques,0.0,247.51647199400003,736.747007398,983.293699559,0,4,0,0,1120.09118073,2.0,4.0,81.0,19.0
6031 - de Maisonneuve / Robert-Bourassa,0.0,255.417168058,190.358579199,309.082105092,4,3,6,0,0.0,4.0,5.0,99.0,34.0
6032 - Métro Place-d'Armes (Viger / St-Urbain),0.0,628.069078541,1268.6626306899998,389.163761229,1,9,1,0,79.913716947,4.0,6.0,91.0,33.0
6033 - 16e avenue / Beaubien,47935.3540435,731.3752720769999,0.0,1417.5104428700004,0,2,2,0,675.4689263619999,2.0,2.0,76.0,15.0
6035 - Viger / Chenneville,0.0,357.159124461,985.560373832,948.459911935,1,8,6,0,557.3035938830001,1.0,2.0,96.0,38.0
6036 - de la Commune / St-Sulpice,52586.0511038,348.533222554,348.51589811800005,1568.36089488,0,27,18,0,383.59965086,2.0,1.0,90.0,43.0
6037 - St-Nicolas / Place d'Youville,21567.174698600003,257.94204806,257.951196118,2307.1854588,0,34,21,0,360.617809685,2.0,1.0,89.0,15.0
6038 - McGill / Place d'Youville,4604.03558917,515.417196516,144.540130666,1597.12510565,0,17,16,0,556.508610992,2.0,4.0,90.0,24.0
6039 - McGill / des Récollets,0.0,200.931712876,0.0,988.785515306,0,17,12,0,373.814011575,2.0,3.0,91.0,19.0
6040 - St-Jacques / St-Pierre,0.0,210.088886777,242.311257648,1907.31103081,0,29,28,0,334.24008585400003,0.0,0.0,92.0,23.0
6041 - St-Jacques / McGill,0.0,400.975532813,83.14547554979998,646.6428263689999,1,6,15,0,7.274131848530001,2.0,3.0,88.0,31.0
6042 - de la Gauchetière / Robert-Bourassa,0.0,0.0,1209.1841232499996,982.109150762,0,4,6,0,0.0,4.0,7.0,92.0,27.0
6043 - Square Victoria (Viger / du Square-Victoria),0.0,424.902957565,1081.50701994,1911.94049085,2,9,10,0,583.7367234770002,4.0,6.0,95.0,19.0
6044 - Roy / St-André,0.0,0.0,0.0,1720.28897007,0,3,3,0,1071.71928647,0.0,0.0,94.0,23.0
6046 - Métro Bonaventure (de la Gauchetière / de la Cathédrale),2061.60707844,0.0,239.312729436,866.778442459,1,6,2,0,6.67604636422,4.0,5.0,94.0,47.0
6047 - University / Prince-Arthur,6748.08120978,70.8464592636,433.53011819,187.566166729,0,0,0,0,333.521640476,1.0,2.0,91.0,39.0
6048 - William / St-Henri,0.0,369.923532822,0.0,1013.4084281,0,6,1,0,239.791981543,0.0,0.0,91.0,19.0
6049 - Queen / Wellington,0.0,476.753244456,346.06733250900004,1156.91434592,0,4,4,0,484.3652361280001,5.0,6.0,88.0,47.0
6050 - St-Maurice / Robert-Bourassa,0.0,0.0,1281.3412038899996,2019.62715832,0,3,1,0,49.612788209,3.0,2.0,89.0,39.0
6051 - de Gaspé / Marmier,0.0,289.604096009,350.733563009,1809.46797985,0,2,0,0,260.227844495,0.0,0.0,83.0,22.0
6052 - de la Commune / King,1236.1693294899997,393.181206816,327.123974687,498.944043607,0,3,1,0,349.14547375,3.0,2.0,86.0,105.0
6053 - du Président-Kennedy / Jeanne-Mance,0.0,337.591486143,337.250918017,1347.9013841699998,4,14,8,0,363.088293499,12.0,11.0,99.0,27.0
6057 - Peel / de la Gauchetiere,6224.3391609,0.0,866.000595991,594.8486836889998,1,4,2,0,3.3954688501300003,4.0,3.0,94.0,19.0
6058 - Cypress / Peel,4870.3858185200015,0.0,528.2599155930001,524.250321214,0,11,20,0,10.3226691277,3.0,12.0,96.0,23.0
6059 - de la Cathédrale / René-Lévesque,14882.412054099996,0.0,899.424891836,427.017214502,0,1,1,0,8.909997331510002,7.0,16.0,96.0,55.0
6060 - Belmont / Robert-Bourassa,0.0,0.0,321.778256979,336.765719429,0,5,2,0,0.0965436083968,0.0,0.0,92.0,33.0
6061 - Mansfield / Ste-Catherine,0.0,0.0,0.0,935.041440368,0,24,14,0,3.89826281123,1.0,2.0,97.0,23.0
6062 - Drummond / Ste-Catherine,0.0,0.0,16.0229330992,627.768531484,0,39,29,0,194.524007662,0.0,0.0,97.0,31.0
6063 - Drummond / de Maisonneuve,0.0,158.848022595,0.0,392.00975229,0,10,9,0,324.614701446,1.0,1.0,97.0,43.0
6064 - Métro Peel (de Maisonneuve / Stanley),0.0,97.422456499,0.0,287.842041729,1,12,8,0,148.585382692,0.0,0.0,96.0,57.0
6065 - de la Montagne / Sherbrooke,0.0,0.0,303.92647783,1419.1063491699997,0,12,7,0,1690.80252438,3.0,2.0,96.0,23.0
6066 - McTavish / des Pins,35593.8088607,487.310209393,679.489450274,552.786010259,0,0,1,0,171.116598551,4.0,3.0,81.0,25.0
6067 - Porte-de-Québec / St-Hubert,229.760081182,245.604042273,387.904282354,1417.65594772,0,2,2,0,1027.61446098,1.0,1.0,81.0,20.0
6068 - 2e avenue / Jean-Rivard,16210.895065900002,416.426684616,0.0,1110.90283596,0,3,0,0,531.666622441,1.0,1.0,49.0,31.0
6070 - Milton / University,9957.79302986,368.945100459,290.706233243,254.685055335,0,0,1,1,443.180287127,1.0,3.0,94.0,40.0
6072 - Metcalfe / de Maisonneuve,0.0,72.2045387139,0.0,250.390804956,1,4,5,0,24.732046010300003,0.0,0.0,96.0,23.0
6073 - de Maisonneuve / Aylmer (ouest),0.0,68.5566853058,0.0,263.915109688,2,2,3,0,1.271126422,0.0,0.0,99.0,37.0
6075 - University / des Pins,582.3099028550001,0.0,514.3145288630001,264.698790318,0,0,0,0,151.352705633,5.0,2.0,79.0,33.0
6076 - de Ville-Marie / Ste-Catherine,17787.7556044,917.072697801,1361.2464025900003,2209.41080761,0,7,3,0,1980.3889089,8.0,2.0,44.0,15.0
6078 - St-Alexandre / Ste-Catherine,0.0,0.0,306.414111431,1007.09646617,0,34,15,0,393.1807825030001,1.0,5.0,99.0,23.0
6079 - Hutchison / Prince-Arthur,0.0,328.962465377,0.0,462.064278659,0,0,0,0,713.7344389660001,0.0,0.0,95.0,23.0
6080 - Métro Vendôme (de Marlowe / de Maisonneuve),0.0,939.509347103,703.4324772839999,2043.97127351,1,7,4,0,1247.1484432700004,12.0,10.0,83.0,23.0
6081 - Mackay / Ste-Catherine,0.0,0.0,101.362893028,426.304842648,0,12,22,0,242.724777877,0.0,0.0,98.0,31.0
6082 - 5e avenue / Rosemont,0.0,702.61552052,262.475851916,2067.15320692,0,6,1,0,1600.56814197,2.0,2.0,78.0,19.0
6083 - Square Phillips,1005.40405482,0.0,79.59117314569998,344.75540044699994,0,14,13,0,160.259112349,0.0,0.0,99.0,39.0
6084 - Duke / Brennan,771.8602153069999,1123.26065337,969.733795813,1557.57729106,0,6,3,0,322.430912974,1.0,1.0,78.0,23.0
6085 - Notre-Dame / Peel,0.0,0.0,681.2033973630001,852.2437259669999,0,3,2,1,831.129310805,2.0,4.0,91.0,47.0
6086 - Basin / du Séminaire,17212.977876,1145.1931923400002,357.911655605,1334.90856728,0,5,0,0,726.462034925,2.0,1.0,75.0,31.0
6087 - Notre-Dame / de la Montagne,0.0,0.0,745.341227535,1019.79718406,0,10,4,0,1887.04456639,5.0,1.0,87.0,31.0
6088 - Richmond / Notre-Dame,4078.72223949,345.723277053,392.797630951,616.31366501,0,16,4,0,513.513235314,4.0,3.0,81.0,23.0
6089 - Henri-Julien / du Carmel,0.0,0.0,89.69100989639999,442.179602254,0,3,1,0,440.434488161,1.0,2.0,91.0,27.0
6090 - Métro Lucien-L'Allier  (Lucien l'Allier / Argyle),0.0,0.0,1747.4123335,1861.91194834,1,9,10,0,301.49452413,9.0,15.0,94.0,17.0
6091 - Joseph-Manseau / René-Lévesque,0.0,0.0,1510.30042874,1635.50063615,0,5,1,0,1448.80010122,5.0,12.0,94.0,19.0
6092 - Crescent / Ste-Catherine,0.0,0.0,0.0,847.0203295129999,0,26,21,0,565.1380941880001,1.0,2.0,98.0,27.0
6093 - Atwater / Sherbrooke,1280.73452786,0.0,1047.67165314,932.94571519,0,0,0,0,1256.3232165699997,6.0,6.0,95.0,23.0
6094 - de Gaspé / Fairmount,118.240685044,125.829452944,0.0,500.609673005,0,2,0,0,543.736879601,0.0,0.0,95.0,19.0
6095 - Chomedey / de Maisonneuve,0.0,235.098203534,6.92446725924,864.272741791,0,11,4,0,2146.31456712,1.0,2.0,95.0,27.0
6096 - Lucien L'Allier / St-Jacques,0.0,0.0,1187.1552205100004,1464.0977559999997,0,4,1,0,771.979567007,2.0,1.0,92.0,23.0
6097 - Ste-Catherine / St-Marc,0.0,129.633616793,0.0,908.602694617,0,18,15,0,1510.85815459,0.0,0.0,97.0,27.0
6098 - Bishop / Ste-Catherine,0.0,0.0,0.0,325.446485057,0,12,21,0,178.40771842,0.0,0.0,98.0,31.0
6099 - Ste-Catherine / Labelle,0.0,181.220722857,0.0,708.779598876,1,7,7,0,197.304150842,4.0,6.0,94.0,23.0
6100 - Mackay / de Maisonneuve,0.0,244.11363349,229.006846627,591.4550350329998,1,27,16,1,1142.16295817,5.0,7.0,99.0,31.0
6101 - Métro Villa-Maria (Décarie / de Monkland),19010.9958444,0.0,1810.38648942,1560.80935543,1,8,4,0,969.791009754,4.0,4.0,81.0,16.0
6102 - Lincoln / du Fort,0.0,135.215169787,208.765702812,600.301382732,0,6,2,0,1754.57177021,3.0,4.0,95.0,15.0
6103 - du Havre / Hochelaga,7461.36118092,263.5963553,310.880973773,1318.11803434,0,6,0,0,1210.21965982,7.0,9.0,84.0,31.0
6104 - Wolfe / René-Lévesque,0.0,333.342753098,809.4745316210001,1406.4334708099998,0,8,8,0,1234.8435780700004,4.0,9.0,89.0,31.0
6105 - Plessis / René-Lévesque,0.0,308.339445932,826.138826442,936.993570112,0,1,2,0,465.51294348,2.0,8.0,84.0,19.0
6106 - Papineau / René-Lévesque,0.0,704.3056244590001,2566.81962031,999.116369275,0,4,2,0,406.138699902,2.0,8.0,80.0,25.0
6107 - St-Mathieu / Ste-Catherine,0.0,131.945336887,0.0,728.3789358699999,1,16,24,0,991.07962943,7.0,9.0,97.0,31.0
6108 - Logan / Fullum,9308.95674055,423.700427358,0.0,1811.0601862,0,3,2,0,947.886943236,4.0,4.0,77.0,19.0
6109 - Quai de la navette fluviale,93546.4838823,0.0,0.0,1381.1950963699996,0,0,0,0,0.0,0.0,0.0,8.0,19.0
6110 - Poupart / Ste-Catherine,9786.9241192,521.9870037640001,1130.02957547,1822.33402204,0,6,4,0,987.646563892,7.0,8.0,70.0,19.0
6111 - Parthenais / Ste-Catherine,0.0,223.997933057,289.231002077,1333.22160794,0,7,2,0,989.834847806,6.0,5.0,85.0,31.0
6112 - Montcalm / de Maisonneuve,0.0,266.645932207,0.0,1507.23035672,1,25,18,0,939.617825006,5.0,3.0,93.0,19.0
6113 - Alexandre-DeSève / Ste-Catherine,0.0,62.3252693863,0.0,1361.4135432600003,0,11,13,0,488.843868216,1.0,2.0,89.0,19.0
6114 - Métro Papineau (Cartier / Ste-Catherine),240.166258782,1260.49784768,824.8307923210001,1961.48624466,1,19,13,0,1264.3317172700004,13.0,10.0,87.0,25.0
6115 - Benny / de Monkland,40712.99478550001,192.094706183,851.5870055699999,1544.63192838,0,1,0,0,1439.31949188,8.0,4.0,60.0,27.0
6116 - Plessis / Ontario,966.579385085,0.0,0.0,1206.9694606300004,0,15,7,0,615.6956809270001,1.0,2.0,83.0,15.0
6117 - de Maisonneuve / Aylmer (est),0.0,152.37919529,0.0,564.6304429210002,0,7,5,0,239.488604128,1.0,2.0,99.0,13.0
6118 - de Champlain / Ontario,4018.56813983,0.0,384.138600111,1231.25465586,0,10,7,0,976.643094376,7.0,5.0,84.0,19.0
6119 - Ontario / de Lorimier,13357.9718748,0.0,623.3498794750002,1919.04780901,0,9,3,0,1081.92647705,8.0,4.0,84.0,39.0
6120 - Métro Frontenac (Ontario / du Havre),8180.94038266,338.144395215,297.729022064,862.8687470089999,1,9,9,0,687.473022638,8.0,15.0,85.0,23.0
6121 - du Havre / de Rouen,20674.8195377,422.991370097,480.786861013,1251.42175248,0,4,1,0,801.514892432,3.0,8.0,83.0,27.0
6122 - Logan / d'Iberville,2026.12513037,321.018291313,679.311479342,2008.8277586,0,5,0,0,1576.56814641,6.0,11.0,81.0,15.0
6123 - Alexandre-DeSève / la Fontaine,959.153792484,267.10758305900004,120.272044995,1241.32892726,0,1,0,0,918.269107133,1.0,2.0,82.0,15.0
6124 - Poupart / Ontario,0.0,238.67411663400003,328.374607002,1822.39423648,0,9,4,0,1276.5951909900002,4.0,2.0,87.0,27.0
6125 - Ellendale / de la Côte-des-Neiges,0.0,0.0,613.9517981419999,2175.47121605,0,18,14,0,2943.51599319,7.0,4.0,92.0,27.0
6126 - Fullum / de Rouen,5147.61924765,416.061984083,0.0,2237.68271281,0,7,2,0,1391.3258660300005,1.0,1.0,83.0,23.0
6127 - de Gaspé / Jean-Talon,0.0,682.2410499849999,154.30518509,933.445500811,0,9,8,0,704.8600527830001,1.0,3.0,92.0,23.0
6128 - Hogan / Ontario,0.0,0.0,0.0,1560.70526446,0,10,4,0,761.679033518,4.0,2.0,84.0,11.0
6129 - de Bordeaux / Sherbrooke,0.0,120.565486647,669.113683104,1056.06284287,0,2,2,0,1921.99115971,5.0,3.0,86.0,15.0
6130 - Sherbrooke / Frontenac,47.8323811032,0.0,809.596924236,537.914247057,0,2,0,0,1235.96838134,8.0,8.0,83.0,15.0
6131 - Fullum / Sherbrooke,24707.7406508,407.40178929,271.572481865,748.1400352399999,0,1,0,0,913.222734376,2.0,2.0,84.0,39.0
6132 - Larivière / de Lorimier,16523.5776455,0.0,259.88647884700003,1352.1107497500002,0,5,0,0,1067.85620618,2.0,2.0,84.0,35.0
6133 - Chapleau / Terrasse Mercure,27921.1535895,547.845705781,879.154665974,1095.46861593,0,12,1,0,827.0125797810001,7.0,5.0,85.0,19.0
6134 - Bercy / Rachel,0.0,419.375262759,347.08168889,1583.47765316,0,7,5,0,574.924376873,8.0,6.0,82.0,11.0
6136 - Métro Laurier (Rivard / Laurier),0.0,191.705655565,188.015205018,805.069375493,1,5,5,0,779.5656523049998,1.0,2.0,93.0,19.0
6137 - Cartier / Gauthier,22259.6641408,412.501222975,737.865131283,612.6449349550002,0,3,2,0,1599.89222507,3.0,4.0,87.0,19.0
6138 - Gauthier / de Lorimier,0.0,911.63042423,0.0,796.161278311,0,6,0,0,752.2293562029998,1.0,2.0,88.0,11.0
6139 - Gauthier / Parthenais,0.0,74.324853448,158.946574548,825.7411492349999,0,1,0,0,1026.7757534,4.0,3.0,89.0,15.0
6140 - Marquette / Rachel,41218.5320711,913.443322913,521.6737687890001,833.834841766,0,3,0,0,900.3109679139999,7.0,4.0,88.0,15.0
6141 - des Érables / Rachel,0.0,944.544174811,399.259910099,1409.64549808,0,5,3,0,1666.50318584,7.0,3.0,90.0,19.0
6142 - Calixa-Lavallée / Rachel,46195.9590426,318.557749901,186.969462706,779.7944808859999,0,0,1,0,373.118134007,2.0,1.0,87.0,31.0
6143 - Rachel / de Brébeuf,34287.8102843,601.675708337,210.454040418,564.316845587,0,1,1,0,505.9956458580001,3.0,2.0,88.0,29.0
6145 - du Parc-La Fontaine / Duluth,46276.7357432,284.904691344,0.0,1289.91599946,0,3,0,0,685.866787552,4.0,1.0,87.0,23.0
6146 - du Parc-La Fontaine / Roy,38378.2627906,294.938867104,0.0,798.8140066879998,0,0,1,0,460.900144003,2.0,1.0,88.0,23.0
6147 - Calixa-Lavallée / Sherbrooke,74183.68584629997,0.0,227.870081382,534.030649227,0,1,0,0,225.835684447,3.0,2.0,78.0,23.0
6148 - Émile-Duployé / Sherbrooke,84490.56337109997,0.0,675.1540241580001,490.61516439,0,5,1,0,769.630957802,6.0,5.0,80.0,27.0
6149 - Chapleau / du Mont-Royal,409.365251913,0.0,730.1132206410001,753.7258313939999,0,7,4,0,378.181198271,4.0,4.0,89.0,23.0
6150 - Messier / du Mont-Royal,0.0,188.849230644,0.0,570.229997883,0,3,2,0,625.6669218870002,2.0,2.0,91.0,19.0
6151 - Parthenais / du Mont-Royal,0.0,684.644459766,0.0,1158.1890785299995,0,10,5,0,1124.3194762700002,3.0,2.0,90.0,23.0
6152 - Chabot / du Mont-Royal,9106.65155136,252.396392518,0.0,1476.18588569,0,17,5,0,823.4632209660001,5.0,4.0,92.0,23.0
6153 - Cartier / Marie-Anne,9218.80626667,168.40549946799996,245.924304687,781.086526676,0,12,4,0,553.061445254,2.0,3.0,92.0,19.0
6154 - Marquette / du Mont-Royal,0.0,625.4654235070001,321.63569277,1462.70302159,0,22,12,0,981.010003287,5.0,5.0,93.0,19.0
6155 - Garnier / du Mont-Royal,0.0,0.0,0.0,935.480326078,0,11,8,0,843.078316549,3.0,2.0,95.0,31.0
6156 - Marie-Anne / de la Roche,0.0,522.5886178019999,0.0,1244.50218044,0,9,3,0,1002.32102142,2.0,2.0,94.0,19.0
6157 - de Brébeuf / du Mont-Royal,0.0,804.419222342,0.0,1394.2767356899997,0,19,10,0,904.467879546,3.0,3.0,95.0,23.0
6158 - Gilford / de Brébeuf,0.0,633.5126146689998,0.0,858.243053548,0,4,2,0,854.154203303,1.0,1.0,91.0,19.0
6159 - Ann / Wellington,4506.93414795,469.399209535,448.786969451,921.248309175,0,3,2,0,448.34289957,3.0,5.0,81.0,15.0
6160 - Garnier / St-Joseph,0.0,527.9097635630001,640.0285939289998,901.535401189,0,3,1,0,785.5061334060001,4.0,2.0,89.0,23.0
6161 - Cartier / St-Joseph,0.0,405.795209866,1000.85299699,863.567610327,0,16,5,0,1194.52751876,8.0,5.0,87.0,19.0
6162 - Legendre / Henri-Julien,52624.7437325,418.982785785,185.645126705,1345.03246654,0,1,0,0,678.9568949150001,7.0,3.0,70.0,27.0
6163 - Marquette / Laurier,0.0,225.534270726,234.287263839,962.344560582,0,17,12,0,1148.6863537,2.0,3.0,85.0,27.0
6164 - de Lanaudière / Laurier,0.0,362.913985826,0.0,1012.33925502,0,11,4,0,960.706183559,0.0,0.0,85.0,19.0
6165 - Laurier / de Brébeuf,26370.8436099,509.300412244,0.0,735.5668703010001,0,4,1,0,461.752244092,0.0,0.0,87.0,31.0
6166 - Gerry-Boulet / St-Grégoire,42689.8665735,937.436602216,0.0,1743.43339672,0,1,0,0,905.217255303,3.0,1.0,72.0,11.0
6167 - Marquette / St-Grégoire,0.0,140.798028157,119.414039715,1217.76746468,0,3,0,0,1309.1128037,4.0,1.0,73.0,23.0
6168 - Marmier / St-Denis,0.0,123.467360285,762.684556356,783.901729812,1,1,2,0,152.35269285499996,8.0,7.0,86.0,31.0
6169 - Boyer / du Mont-Royal,0.0,0.0,0.0,1403.21218432,0,17,7,0,1062.61631332,5.0,4.0,96.0,27.0
6170 - de Mentana / Laurier,41263.0483818,500.496104714,0.0,796.2965641139999,0,4,0,0,570.366783274,0.0,0.0,89.0,23.0
6171 - Wolfe / Robin,0.0,0.0,0.0,1224.93036618,0,15,3,0,818.0374463139999,2.0,1.0,94.0,23.0
6173 - Berri / Cherrier,0.0,235.861090342,123.634083027,1123.80530522,1,3,8,0,453.606035764,3.0,6.0,96.0,23.0
6174 - Roy / St-Denis,0.0,287.786821078,437.418678085,1218.8550975299995,0,25,13,0,866.247564761,5.0,5.0,95.0,23.0
6175 - St-Christophe / Cherrier,0.0,272.741133914,118.296554328,1249.5687273299998,0,4,2,0,1307.63427786,2.0,2.0,94.0,19.0
6176 - de Mentana / Rachel,2657.30576259,296.964278085,296.956616763,1340.01238968,0,8,11,0,1046.03133938,5.0,3.0,93.0,19.0
6177 - St-Hubert / Duluth,0.0,0.0,0.0,1646.31576611,0,9,12,0,1199.24297874,0.0,0.0,93.0,15.0
6178 - Rivard / Rachel,0.0,485.625419854,485.624781886,310.315864362,0,49,23,0,674.4431086849999,4.0,4.0,96.0,19.0
6179 - Duluth / St-Denis,0.0,267.609615652,267.608637337,737.191021397,0,38,22,0,794.549605253,2.0,2.0,96.0,23.0
6180 - St-Dominique / René-Lévesque,0.0,0.0,900.4438111079999,1257.7673535,0,15,14,0,1086.97759382,4.0,15.0,97.0,20.0
6181 - Clark / Rachel,3936.8013256,937.131387887,323.764181745,675.8773086830001,0,12,9,0,747.2159201239999,1.0,3.0,96.0,27.0
6182 - de Bullion / du Mont-Royal,0.0,234.616532938,0.0,524.0918758280001,0,4,1,0,377.028156558,2.0,3.0,98.0,19.0
6183 - Laval / du Mont-Royal,0.0,525.366580946,0.0,1871.72779442,0,13,7,0,1128.62130979,2.0,3.0,98.0,19.0
6184 - Métro Mont-Royal (Rivard / du Mont-Royal),0.0,427.660891165,427.660708934,1070.73668678,1,42,22,0,905.37968772,11.0,8.0,96.0,35.0
6185 - des Érables / Bélanger,3722.41625521,0.0,0.0,2058.8870754,0,9,5,0,1194.9652728099998,5.0,2.0,79.0,15.0
6186 - St-Hubert / Laurier,0.0,146.448444375,0.0,1268.702695,0,3,1,0,820.273131885,1.0,1.0,90.0,15.0
6187 - Resther / du Mont-Royal,0.0,0.0,0.0,1261.99495144,0,13,6,0,684.491793096,2.0,3.0,96.0,23.0
6188 - de Mentana / Marie-Anne,0.0,0.0,0.0,924.955339974,0,1,1,0,591.4660610670002,0.0,0.0,95.0,31.0
6189 - Chabot / Everett,0.0,725.5203632169998,297.358462879,2511.248139059999,0,9,1,0,2945.84944168,4.0,3.0,69.0,11.0
6190 - Pontiac / Gilford,0.0,145.82299592299998,145.822105921,1254.65861166,1,9,7,0,887.3948826629999,2.0,2.0,95.0,23.0
6191 - St-Zotique / Clark,7285.105925249999,0.0,471.740781787,302.950996881,0,11,10,0,506.964947485,1.0,2.0,92.0,15.0
6192 - Berri / St-Grégoire,0.0,0.0,0.0,1450.05092804,0,6,1,0,820.385972471,2.0,1.0,89.0,23.0
6193 - de l'Esplanade / Fairmount,0.0,571.299391374,220.947447147,1076.98541387,0,15,7,0,1214.2138827699996,2.0,3.0,93.0,15.0
6194 - Métro Atwater (Atwater / Ste-Catherine),10447.661705200002,294.34289741,1343.7432691900003,1569.1741843,2,27,13,0,1110.3766176,16.0,20.0,95.0,27.0
6195 - de Bullion / St-Joseph,2085.73659784,378.927601486,688.3414542510001,1022.58027754,0,2,0,0,848.992036154,3.0,3.0,96.0,31.0
6196 - Villeneuve / St-Laurent,29.7056291923,983.826312579,574.039047478,842.4538177429998,0,18,9,0,936.545905579,3.0,4.0,95.0,19.0
6197 - de Bordeaux / Masson,0.0,908.17496301,0.0,1695.80160575,0,8,2,0,644.704035292,4.0,2.0,74.0,19.0
6198 - Hélène-Baillargeon / St-Denis,0.0,267.161581897,462.46412572300005,757.6758907939999,0,0,0,0,548.475700959,1.0,2.0,87.0,23.0
6199 - St-Viateur / St-Laurent,0.0,319.10860992700003,294.61298407,489.658521911,0,15,10,0,587.8193991740001,3.0,3.0,94.0,23.0
6200 - Maguire / St-Laurent,0.0,449.007222896,437.389365831,826.9136250499998,0,25,22,0,895.503233927,2.0,2.0,93.0,23.0
6201 - Villeneuve / de l'Hôtel-de-Ville,0.0,590.0211485630001,0.0,2132.89068161,0,4,6,1,1288.4691560099998,1.0,2.0,96.0,23.0
6202 - Ste-Famille / Sherbrooke,0.0,410.678328075,495.001294616,570.3042880960002,0,9,5,0,1190.4201000899998,7.0,9.0,97.0,39.0
6203 - Aylmer / Sherbrooke,0.0,66.1572468446,199.31133207,394.115543125,0,3,1,0,913.97733223,2.0,2.0,98.0,23.0
6204 - Milton / Durocher,0.0,290.280647048,0.0,596.9323027809999,0,4,1,0,1005.24912196,0.0,0.0,97.0,27.0
6205 - Milton / du Parc,0.0,329.662713014,270.497013196,605.533706466,0,11,13,0,1325.7395520099997,2.0,4.0,96.0,31.0
6206 - Prince-Arthur / du Parc,0.0,119.749928775,192.723005315,181.345115509,0,5,3,0,587.7591647150001,2.0,4.0,96.0,35.0
6207 - Ste-Famille / des Pins,7948.738952129999,93.1002869119,301.406280396,375.446906717,0,1,1,0,408.651720795,1.0,2.0,94.0,15.0
6208 - Hutchison / des Pins,14953.121031,503.559130078,1247.0026885900004,656.604559114,0,1,1,0,732.846106853,7.0,6.0,92.0,23.0
6209 - Milton / Clark,0.0,403.114357849,650.8318694470001,723.179785851,0,14,16,0,1004.99777105,3.0,4.0,95.0,23.0
6210 - Métro Sauvé (Berri / Sauvé),57494.7512215,943.307362018,1799.77891894,1265.43096366,2,9,2,0,903.233211329,12.0,9.0,68.0,26.0
6211 - Roy / St-Laurent,0.0,70.46536586100001,416.348626209,856.443416035,0,21,12,0,582.665581534,3.0,5.0,94.0,27.0
6212 - Duluth / de l'Esplanade,50979.91069400001,1178.9151794,937.273971688,227.415501507,0,2,1,0,295.68012372,2.0,3.0,90.0,23.0
6213 - Duluth / St-Laurent,0.0,0.0,209.146314469,922.683510828,0,26,16,0,758.64302821,1.0,3.0,95.0,15.0
6214 - Square St-Louis (du Square St-Louis / Laval),11381.477637199998,180.5935672,21.7707479854,1095.56586536,0,2,2,0,729.983214092,0.0,0.0,95.0,31.0
6215 - Metcalfe / St-Catherine,0.0,0.0,79.9235686233,395.559841546,0,17,3,0,62.8294973092,4.0,4.0,97.0,40.0
6216 - Parc Jeanne Mance (monument sir George-Etienne Cartier),146447.83673099996,894.53112863,799.984069556,13.1431151324,0,0,0,0,16.7841294017,2.0,4.0,85.0,39.0
6217 - Vallières / St-Laurent,296.729931345,529.126322742,338.974490159,1201.1957582300004,0,20,12,0,918.489059848,2.0,2.0,97.0,23.0
6218 - Prince-Arthur / St-Urbain,0.0,350.99446503800004,237.644265645,113.349312695,0,0,0,0,574.204964326,1.0,2.0,94.0,27.0
6219 - de l'Hôtel-de-Ville / Roy,0.0,578.4974089030001,207.243572775,1120.74157556,0,6,3,0,888.7466092329998,2.0,2.0,93.0,23.0
6220 - Laval / Duluth,0.0,495.681844347,0.0,1250.6856446499996,0,8,6,0,1014.20204754,0.0,0.0,94.0,27.0
6221 - du Mont-Royal / Clark,0.0,820.950880472,496.610467646,473.501416067,0,21,10,0,716.0450511350001,6.0,5.0,96.0,27.0
6222 - de l'Esplanade / du Mont-Royal,16789.1832596,454.661379465,45.4443421379,666.8430957329999,0,3,1,0,639.160559644,0.0,0.0,93.0,15.0
6223 - du Mont-Royal / du Parc,67600.418644,217.341948987,1469.52625658,402.419920228,0,8,4,0,645.4992443630001,12.0,8.0,91.0,33.0
6224 - Villeneuve / du Parc,0.0,375.547875739,723.3341372860001,1382.0447634,0,23,11,0,1956.5437733,5.0,5.0,96.0,15.0
6225 - Villeneuve / St-Urbain,0.0,1045.6328865,521.778830699,480.519514742,0,7,1,0,1080.35162382,1.0,2.0,97.0,19.0
6226 - Hôpital Maisonneuve-Rosemont (Rosemont / Chatelain),0.0,464.043820786,991.43960923,1397.0894646800002,0,0,0,0,787.578999583,11.0,3.0,36.0,35.0
6227 - de l'Esplanade / Laurier,0.0,1159.28670314,650.863224262,1125.83552679,0,27,13,0,982.459101921,5.0,4.0,97.0,23.0
6228 - Waverly / Van Horne,0.0,584.8007020049998,985.837347947,935.861360891,0,9,2,0,1203.89020784,3.0,2.0,76.0,19.0
6229 - Coloniale / du Mont-Royal,0.0,0.0,0.0,968.234158452,0,12,2,0,786.520408259,0.0,0.0,97.0,23.0
6230 - Waverly / St-Viateur,0.0,414.759175075,402.677637367,977.072670996,0,9,9,0,1376.68720674,2.0,3.0,92.0,19.0
6231 - Jeanne-Mance / St-Viateur,0.0,349.685555701,368.442517869,1110.44367213,0,50,15,0,1863.46787893,3.0,5.0,91.0,23.0
6232 - Durocher / Van Horne,0.0,0.0,549.951507608,1038.72249184,0,11,2,0,1971.98880112,6.0,5.0,79.0,23.0
6233 - Bernard / Jeanne-Mance,0.0,319.220943472,381.748463535,1193.6323965500003,0,32,20,0,2008.58007193,6.0,6.0,93.0,27.0
6234 - de l'Arcade / Clark,0.0,1515.22754072,1369.3889586,1286.5248036300004,0,8,6,0,688.7906843929999,3.0,4.0,84.0,19.0
6235 - St-Dominique / St-Viateur,0.0,141.673855567,0.0,441.866745769,0,1,1,0,212.368239778,1.0,1.0,94.0,31.0
6236 - Laurier / de Bordeaux,9741.261288180003,487.558619287,0.0,1139.45405819,0,3,1,0,1100.94545151,3.0,1.0,82.0,23.0
6237 - Gilford / de Lanaudière,0.0,451.091579821,0.0,1194.35720516,0,3,1,0,738.5291714029999,0.0,0.0,89.0,15.0
6240 - Parc Kent (de Kent / Hudson),64484.0772502,509.976907761,456.146269616,1995.78212129,0,0,0,0,1866.94962699,5.0,3.0,69.0,27.0
6241 - Querbes / Laurier,0.0,505.053256947,637.7858144110002,2251.70322633,0,32,5,0,1864.97616397,6.0,3.0,93.0,15.0
6243 - Bloomfield / Bernard,9341.08855565,581.632134426,0.0,2188.42840353,0,14,6,0,1783.25149597,6.0,2.0,90.0,15.0
6245 - Bloomfield / Van Horne,0.0,0.0,260.890140472,1467.58681705,0,10,7,0,2045.03695693,2.0,2.0,79.0,19.0
6246 - Métro Outremont (Wiseman / Van Horne),11830.357731299997,787.333252528,241.71884048,1821.8018087,1,14,4,0,1116.53566257,4.0,5.0,73.0,20.0
6247 - St-Dominique / St-Zotique,385.18615576,362.358479134,149.722020939,1017.77462326,0,9,11,0,1091.80652235,3.0,3.0,89.0,31.0
6248 - St-Dominique / Rachel,0.0,186.673707489,304.090083611,629.8164611310001,0,14,10,0,719.34397511,2.0,3.0,96.0,31.0
6249 - Bélanger / St-Denis,0.0,569.915721585,325.570229775,1162.3035803900002,0,14,9,0,1258.4079394300004,4.0,4.0,94.0,23.0
6250 - Marché Jean-Talon (Henri-Julien / Jean-Talon),0.0,294.164947939,356.898036283,635.405348116,0,25,9,0,553.679208563,4.0,6.0,92.0,23.0
6251 - Dante / de Gaspé,3414.05009388,87.4794625638,0.0,1336.1714757699997,0,5,6,0,702.7498495110001,0.0,0.0,93.0,23.0
6252 - Mozart / St-Laurent,0.0,62.1922542312,601.7124773670001,508.171013556,0,19,18,0,710.0021155430002,2.0,2.0,92.0,15.0
6253 - Métro Jean-Talon (de Chateaubriand / Jean-Talon),0.0,0.0,589.1557247129999,1131.62212698,4,38,18,0,980.301017382,14.0,8.0,91.0,19.0
6254 - Boyer / Bélanger,0.0,632.6717498769999,245.15947213400003,1333.6799466899995,0,56,7,0,904.050725555,5.0,3.0,89.0,23.0
6255 - Boyer / St-Zotique,3289.213052,796.3623280439999,312.970298797,1583.28069051,0,77,12,0,1398.19120986,3.0,2.0,87.0,19.0
6257 - de St-Vallier / St-Zotique,0.0,0.0,170.258793726,967.314284538,0,7,4,0,981.430402453,2.0,3.0,90.0,19.0
6258 - Parc Père-Marquette (Chambord / Rosemont),48505.1784224,0.0,440.675289419,1277.9430628099997,0,3,4,0,1038.66666211,5.0,3.0,82.0,39.0
6259 - Dandurand / de Lorimier,0.0,325.258451906,0.0,1861.14728762,0,4,1,0,813.055141855,2.0,1.0,80.0,23.0
6260 - Cartier / Dandurand,0.0,868.9964315410001,578.6684210470002,1430.3422125500003,0,2,0,0,1050.91412812,1.0,2.0,67.0,23.0
6261 - Louis-Hémon / Rosemont,0.0,96.8233946726,382.812652452,1981.62361776,0,15,8,0,1604.56141985,6.0,4.0,82.0,19.0
6262 - de la Roche /  de Bellechasse,6379.880543809999,846.813798868,292.440839371,1552.0268891799997,0,6,1,0,1825.88700958,2.0,1.0,88.0,15.0
6263 - de Hampton / de Monkland,28165.4860831,0.0,470.114009278,1797.9644714,0,11,7,0,1216.94447898,5.0,2.0,78.0,15.0
6264 - Chabot / de Bellechasse,4008.07501669,609.897182248,216.170826503,1608.96969213,0,7,3,0,1281.73671734,4.0,4.0,81.0,15.0
6265 - Parthenais / Laurier,0.0,712.133872246,437.765814653,1292.5149684099997,0,2,0,0,880.8147298069999,3.0,2.0,72.0,27.0
6266 - Louis-Hébert / de Bellechasse,0.0,556.240536219,396.050783681,1208.5931324899998,0,3,2,0,1185.56160784,4.0,4.0,80.0,27.0
6267 - Chabot / Beaubien,0.0,342.68440774,119.296071866,1836.92827385,0,18,7,0,1809.29585322,8.0,5.0,84.0,15.0
6268 - Chambord / Beaubien,3503.34610158,744.7474805399999,0.0,1877.54911431,0,15,4,0,1739.80654049,4.0,1.0,87.0,15.0
6269 - Wurtele / de Rouen,0.0,432.795579586,0.0,2338.51014977,0,6,0,0,1805.57391011,0.0,0.0,81.0,15.0
6270 - Fabre / St-Zotique,0.0,1113.16735535,264.98834580700003,1684.7589171,0,8,4,0,1805.95380018,2.0,2.0,82.0,19.0
6272 - de Bordeaux / St-Zotique,24.2265083857,714.2183963430002,0.0,1922.63725909,0,5,1,0,1611.96145247,2.0,1.0,81.0,19.0
6273 - Cartier / Bélanger,9794.228096779998,322.675270108,370.726593522,1363.56089362,0,12,7,0,1560.09315696,6.0,3.0,79.0,23.0
6274 - de la Roche / St-Joseph,0.0,125.075296788,573.173901141,505.744903942,0,4,0,0,672.3720389470001,4.0,4.0,90.0,23.0
6275 - Chambord / Jean-Talon,17820.161018099996,600.0663186510002,369.239815586,1742.01070104,0,13,2,0,1347.9700728099997,3.0,2.0,82.0,15.0
6276 - de la Roche / Bélanger,0.0,822.2654793869999,79.7643766397,1122.45438541,0,11,7,0,1514.03961846,4.0,2.0,88.0,23.0
6277 - Louis-Hébert / Beaubien,10885.0729263,668.4963402849999,149.395924683,1341.4193973,0,10,9,0,1108.14083078,3.0,2.0,82.0,19.0
6278 - Louis-Hébert / St-Zotique,247.441170318,1023.99954037,318.441919444,1363.5594538300004,0,4,0,0,1290.4178832700004,2.0,1.0,75.0,15.0
6279 - Louis-Hébert / Bélanger,0.0,438.70147409300006,339.529666903,1502.49813053,0,17,6,0,1457.40830176,5.0,2.0,78.0,19.0
6280 - Casgrain / Laurier,14100.404932300002,537.366825771,212.048979536,833.45876662,0,14,7,0,533.965475319,2.0,3.0,96.0,23.0
6281 - Resther / St-Joseph,0.0,0.0,324.608589235,596.0005567529998,0,2,0,0,520.215162205,0.0,0.0,94.0,15.0
6301 - Parc Outremont (Bloomfield / Elmwood),31669.94443660001,1077.95112051,0.0,2755.29862026,0,2,0,0,1156.25657586,0.0,0.0,90.0,15.0
6302 - Stuart / St-Viateur,33433.5069304,717.4009310360001,335.540512891,1465.66204569,0,0,0,0,670.5075347110002,3.0,2.0,78.0,11.0
6303 - Pratt / Van Horne,22617.7727821,0.0,498.648250488,2452.16660775,0,0,0,0,1086.71414653,6.0,2.0,59.0,15.0
6304 - Rockland / Lajoie,26535.3448728,0.0,452.08653450800006,1610.3112891,0,1,0,0,790.917882212,3.0,2.0,66.0,15.0
6305 - Davaar / de la Côte-Ste-Catherine,4356.68892338,410.486838384,788.795261717,1049.18480967,0,2,1,0,506.057809053,6.0,4.0,60.0,15.0
6306 - Métro Édouard-Montpetit (du Mont-Royal / Vincent-d'Indy),0.0,380.870559291,0.0,1525.60461929,2,3,1,0,729.2946740249998,4.0,4.0,35.0,19.0
6307 - Laval / Rachel,0.0,903.646011913,256.730607711,1449.8054049,0,7,3,0,1077.74312872,2.0,1.0,95.0,19.0
6309 - 4e avenue / de Verdun,0.0,352.434271851,734.684400032,1439.0369587900002,0,15,7,0,2309.23393145,4.0,2.0,84.0,15.0
6310 - de Soissons / de Darlington,6351.01544506,0.0,866.6489122059999,1337.6409595900002,0,5,1,0,1652.36289383,4.0,3.0,65.0,31.0
6311 - Drolet / St-Zotique,0.0,322.047689878,139.557895292,1075.80888229,0,10,4,0,915.911032011,1.0,2.0,93.0,19.0
6312 - de Kent / de la Côte-des-Neiges,41264.44151510001,539.4454323580001,893.246328801,1357.12345356,0,14,7,0,1955.57109442,10.0,6.0,82.0,39.0
6313 - Palm / St-Remi,3850.35090896,0.0,1118.57105332,1940.44827002,0,12,4,0,1703.86590709,8.0,4.0,75.0,30.0
6314 - de Lanaudière / Marie-Anne,0.0,245.795970884,0.0,1592.6725851,0,2,1,0,1026.92117875,0.0,0.0,93.0,19.0
6315 - Métro Côte-des-Neiges (Jean-Brillant / de la Côte-des-Neiges),4368.97237211,524.324155025,634.1218539409999,1471.20051228,2,18,29,0,1139.77654,9.0,9.0,85.0,23.0
6316 - Swail / Decelles,43107.85291630001,383.877160495,383.217401512,1955.46702624,0,2,2,0,931.124958493,9.0,9.0,82.0,27.0
6321 - Gary-Carter / St-Laurent,56485.0487013,0.0,658.0388722870001,1023.18761394,0,4,0,0,889.106185697,2.0,2.0,80.0,39.0
6322 - St-Dominique / Gounod,54763.5627955,121.864856686,826.5578900119999,949.048224654,0,7,3,0,916.922216448,2.0,2.0,77.0,15.0
6323 - Guizot / St-Laurent,0.0,0.0,747.4712205589999,1260.0392134099998,0,19,3,0,863.2878147469999,2.0,2.0,74.0,19.0
6324 - de Liège / Lajeunesse,0.0,628.10201176,548.777240472,1364.8758474099998,0,13,3,0,1781.16301859,3.0,3.0,78.0,15.0
6327 - Drolet / Faillon,0.0,1169.8197005100003,293.139014088,1724.9238332,0,8,4,0,1853.63103259,2.0,2.0,85.0,23.0
6328 - De Gaspé / Villeray,2206.02724636,683.18041044,212.112352106,1623.46057044,0,12,2,0,1493.69738566,2.0,2.0,80.0,15.0
6329 - Drolet / Gounod,0.0,830.742904018,296.61687636,1209.3789817500003,0,8,0,0,1526.31551737,2.0,2.0,85.0,23.0
6330 - de Gaspé / Jarry,649.3918283129999,525.609228675,558.009936535,995.480206427,0,8,6,0,1140.95707166,6.0,3.0,79.0,23.0
6331 - Guizot / St-Denis,0.0,957.6860539480002,496.750480536,1279.8560934899997,0,7,2,0,1539.07840465,2.0,2.0,77.0,23.0
6332 - de Gaspé / de Liège,0.0,840.4169321160001,0.0,2151.58665045,0,6,2,0,1737.63776627,1.0,1.0,75.0,23.0
6333 - Leman / de Chateaubriand,0.0,0.0,106.118829379,3222.93152768,0,6,0,0,2305.53390168,4.0,1.0,80.0,15.0
6334 - Métro Jarry (Lajeunesse / Jarry),0.0,729.3119012039999,417.202449037,1089.95509336,1,19,9,0,1687.03429269,4.0,2.0,81.0,23.0
6335 - du Rosaire / St-Hubert,10442.9172074,433.397345762,309.333824038,2281.04439037,0,17,6,0,1561.70044564,7.0,3.0,82.0,23.0
6336 - Faillon / St-Hubert,0.0,392.38437420800005,5.45923723403,2038.19378045,0,37,8,0,1633.65720133,2.0,2.0,79.0,15.0
6338 - de Chateaubriand / Jarry,0.0,40.5614230496,433.71252603,2842.87858603,0,23,6,0,1958.30674736,8.0,2.0,84.0,19.0
6339 - Harvard / de Monkland,330.35360083,0.0,394.001939786,2226.78853471,0,31,11,0,1606.58520651,6.0,2.0,84.0,19.0
6340 - de la Roche / Everett,23015.9725681,724.887060365,383.809110582,1588.1571201,0,3,0,0,1643.41045703,2.0,1.0,76.0,15.0
6341 - Regina / de Verdun,0.0,943.745675217,0.0,2633.64084109,0,9,2,0,2377.60292597,10.0,2.0,76.0,19.0
6343 - Marquette / Villeray,0.0,839.328181975,446.368849401,3187.61399996,0,13,7,0,3095.07171497,11.0,3.0,70.0,15.0
6344 - St-Dominique / Jean-Talon,0.0,375.638767634,714.3722682969998,821.891819638,0,15,9,0,738.508301158,4.0,5.0,88.0,39.0
6345 - Louis-Hémon / Villeray,28875.1358004,222.647561138,157.969336534,3383.12132996,0,2,0,0,1477.0103697699997,10.0,3.0,63.0,31.0
6346 - Nicolet / Sherbrooke,0.0,621.5406737470001,495.743975425,1356.20074164,0,2,0,0,1002.21773606,7.0,5.0,71.0,27.0
6347 - Métro St-Michel (Shaughnessy / St-Michel),1656.4784269899997,112.288103612,1318.8636581699998,2556.10798844,2,16,4,0,1906.63501903,19.0,10.0,78.0,15.0
6349 - Ryde / Charlevoix,8776.558584569999,0.0,546.246357257,2697.37619491,0,5,1,0,1986.3440357,4.0,1.0,68.0,23.0
6350 - Island / Centre,0.0,392.013197792,73.95540011919998,1314.0800578499998,0,6,2,0,796.0979774189999,2.0,3.0,75.0,19.0
6354 - Marcil / Sherbrooke,43274.5562688,602.626282876,523.963746604,2207.30066449,0,18,13,0,1689.88405771,8.0,7.0,82.0,23.0
6355 - Ontario / Sicard,4668.599998309999,1041.43811623,0.0,3048.65492698,0,11,0,0,2510.42180373,4.0,2.0,70.0,23.0
6356 - de Monkland / Girouard,0.0,496.133427465,502.139801654,1879.28833449,0,18,11,0,1602.69108628,6.0,6.0,86.0,11.0
6357 - 13e avenue / St-Zotique,0.0,1735.60625616,357.310873552,2489.78277889,0,2,1,0,1634.12155238,2.0,2.0,72.0,23.0
6358 - 1ère  avenue / St-Zotique,4253.65301351,1123.20767578,0.0,2176.5835874,0,3,0,0,1586.35700616,0.0,0.0,75.0,15.0
6359 - Ste-Catherine / St-Laurent,0.0,238.567182241,406.147553432,719.4627550060001,0,15,20,0,20.1162280493,2.0,3.0,93.0,35.0
6360 - 8e avenue / Beaubien,41557.4667352,887.255995983,204.878168467,2441.062416179999,0,6,4,0,1343.99116878,10.0,6.0,85.0,15.0
6361 - Molson / Beaubien,17634.140443699995,375.677531124,202.028383711,1502.42571564,0,15,5,0,1138.31746914,5.0,3.0,81.0,23.0
6362 - 1ère avenue / Rosemont,0.0,852.1416263110001,522.589927129,1867.99056054,0,12,3,0,1531.53658559,4.0,3.0,79.0,15.0
6363 - de la Côte St-Antoine / Royal,14.6647917949,641.5493943569999,302.230823417,2172.63726042,0,17,11,0,1397.4786481900005,5.0,4.0,85.0,19.0
6364 - de Chambly / Rachel,0.0,945.070289701,0.0,1993.59028749,0,2,0,0,1704.27730466,2.0,2.0,70.0,23.0
6366 - Wilderton  / Van Horne,0.0,0.0,942.503440874,1507.15515875,0,11,4,0,4041.51480029,4.0,2.0,61.0,15.0
6367 - 3e avenue / Dandurand,9.33313270581,999.206057122,0.0,2456.71920911,0,3,0,0,2039.58315259,0.0,0.0,81.0,19.0
6368 - 10e avenue / Masson,0.0,652.0582177580001,475.999153845,2444.84367444,0,33,16,0,2708.28034047,8.0,5.0,82.0,31.0
6369 - U. Concordia - Campus Loyola (Sherbrooke / West Broadway),6769.061005169999,768.9113193989999,497.560605852,873.547913645,0,0,3,1,951.728570321,8.0,4.0,57.0,27.0
6370 - d'Orléans / Masson,1360.0750564700004,0.0,374.001508493,3128.09518925,0,19,2,0,2708.72673296,10.0,4.0,74.0,23.0
6371 - 4e avenue / Masson,0.0,360.24574023699995,0.0,2008.4558241,0,29,8,0,1884.08866296,4.0,3.0,82.0,31.0
6372 - 1ère avenue / Masson,29903.8901543,933.557634116,0.0,1566.09877416,0,12,7,0,1313.73276084,5.0,3.0,86.0,39.0
6373 - 7e avenue / St-Joseph Rosemont,0.0,515.086831967,841.3224437569999,2678.90649139,0,2,0,0,2075.98719571,4.0,2.0,77.0,27.0
6374 - 15e avenue / Masson,10263.379073300002,950.312458972,0.0,2868.19582555,0,6,4,0,2252.41163036,7.0,2.0,83.0,23.0
6375 - Métro Place St-Henri (St-Ferdinand / St-Jacques),10931.0906704,188.630709879,1140.71659273,2270.10606552,3,9,8,0,1290.5987961699998,15.0,8.0,85.0,23.0
6376 - de Chambly / St-Joseph,23442.8444281,396.919575084,991.151474892,1318.8104815100005,0,5,1,0,1961.59751224,6.0,3.0,65.0,23.0
6377 - Grand Trunk / Hibernia,15487.589113100004,804.647259896,0.0,2384.95023432,0,0,0,0,1221.9737202499996,0.0,0.0,72.0,23.0
6379 - de l'Église / Bannantyne,0.0,812.2240659519999,850.5197810649998,1760.24797513,0,15,2,0,2373.6932488600005,10.0,2.0,76.0,15.0
6380 - Parc J.-Arthur-Champagne (de Chambly / du Mont-Royal),0.0,441.358978741,0.0,1128.62917,0,0,0,0,1000.21483759,2.0,1.0,68.0,19.0
6381 - Omer-Lavallée / du Midway,8847.202358369997,427.628249306,489.300723754,2852.94302378,0,4,2,0,1645.71375969,6.0,4.0,71.0,19.0
6383 - Bourbonnière / du Mont-Royal,0.0,0.0,0.0,2443.92519786,0,2,0,0,2220.68640831,3.0,2.0,66.0,27.0
6384 - Darling / Sherbrooke,20840.7390482,0.0,956.171245028,1405.4404860700004,0,1,0,0,1584.1318022999997,8.0,4.0,68.0,23.0
6385 - de Bordeaux / Gilford,0.0,1082.16596168,140.922666141,1493.46401351,0,2,0,0,1160.46015734,4.0,4.0,86.0,23.0
6386 - Métro Préfontaine (Moreau / Hochelaga),12806.727605500002,0.0,299.428677674,1498.82340831,2,7,8,0,836.188730092,9.0,7.0,74.0,31.0
6387 - Métro Joliette  (Joliette / Hochelaga),5602.65573776,811.711468738,895.7496851610001,1509.36929708,2,5,1,0,2383.4791104199994,10.0,6.0,74.0,19.0
6388 - d'Orléans / Hochelaga,16385.301072499995,0.0,433.081350152,1747.43288141,0,11,5,0,1628.64932349,3.0,2.0,82.0,19.0
6389 - Boyer / Jean-Talon,6844.568447689999,454.910837407,633.8624696870002,863.87409484,0,18,7,0,1071.55835827,5.0,3.0,86.0,23.0
6391 - Aylwin / Ontario,0.0,367.902148725,864.4321877210001,2302.82034698,0,38,16,0,2659.43998156,10.0,3.0,81.0,15.0
6393 - Dézéry / Ontario,0.0,499.820898547,0.0,3154.02476251,0,15,4,0,2381.7056315800005,5.0,3.0,82.0,19.0
6394 - Valois / Ontario,6420.2530061100015,752.683011506,0.0,2603.6825287800007,0,34,8,0,2234.303325,2.0,2.0,87.0,17.0
6395 - Métro Viau (Pierre-de-Coubertin / Viau),85951.57015440002,1557.39900168,944.707676977,1390.2793321900003,1,2,0,0,1033.92334727,9.0,6.0,44.0,51.0
6396 - Métro Pie-IX (Pierre-de-Coubertin / Pie-IX),48805.6383373,952.407720113,692.780570218,1641.8658545,2,2,0,0,1243.2654354499996,6.0,5.0,69.0,49.0
6397 - Marché Maisonneuve,17213.940259899995,254.613968119,0.0,1779.47979308,0,7,5,0,916.8022995980002,6.0,2.0,76.0,22.0
6398 - Desjardins / Ontario,0.0,727.1615527279998,387.159785502,1700.86425413,0,6,4,0,1016.66674439,8.0,4.0,87.0,23.0
6401 - des Seigneurs / Notre-Dame,0.0,0.0,186.148103285,888.106279634,0,17,2,0,401.625460072,3.0,3.0,78.0,22.0
6402 - Ste-Émilie / Sir-Georges-Etienne-Cartier,25688.1642299,442.929507348,207.138963547,2846.95100203,0,9,3,0,1657.81371041,1.0,2.0,76.0,23.0
6403 - Georges-Vanier / Notre-Dame,5584.628664949999,0.0,302.329282223,1277.25110074,0,2,0,0,838.550092699,4.0,2.0,78.0,19.0
6404 - Quesnel / Vinet,0.0,40.2025949363,939.61462007,2316.18780072,0,3,0,0,1395.5398810899997,1.0,3.0,79.0,19.0
6405 - Duvernay / Charlevoix,55.4146856522,522.8828234580001,661.693626598,1857.96262721,0,30,9,0,1227.48429826,6.0,3.0,83.0,19.0
6406 - Marché Atwater,0.0,328.777469409,585.2114050569999,1336.43262488,0,14,2,0,557.225733742,2.0,2.0,85.0,33.0
6407 - Charlevoix / Lionel-Groulx,17301.5233056,426.324834372,133.541739641,1077.39746378,0,0,0,0,836.423309272,0.0,0.0,82.0,23.0
6408 - Métro Georges-Vanier (St-Antoine / Canning),10794.231641999995,0.0,1265.4149599299997,2657.73341557,1,2,1,0,940.577975205,1.0,1.0,82.0,17.0
6409 - Lionel-Groulx / George-Vanier,0.0,366.384144571,261.974918047,1234.8311925900002,0,1,0,0,1179.2495519900003,0.0,0.0,75.0,27.0
6410 - Métro Crémazie (Crémazie / Lajeunesse),8112.479961119999,399.642756697,2807.18188508,1387.6796384499996,3,18,7,0,1537.36369742,16.0,12.0,76.0,15.0
6411 - Clark / Prince-Arthur,0.0,226.626479322,197.459910878,494.980149167,0,22,24,0,378.188434637,1.0,2.0,94.0,31.0
6412 - Complexe sportif Claude-Robillard,161609.56242300002,224.716100443,83.967927082,529.981760559,0,0,0,0,579.9213007089999,3.0,1.0,50.0,28.0
6413 - Union / Cathcart,2688.85242423,0.0,272.117540372,763.737106236,0,20,14,0,83.07483949279998,3.0,6.0,99.0,27.0
6414 - Parc St-Henri (Laporte / Guay),8250.82924182,0.0,496.17999649,1410.02726126,0,3,2,0,1293.09057942,3.0,4.0,81.0,15.0
6415 - de Melrose / Sherbrooke,0.0,259.896542846,282.957872349,1958.78444139,0,19,8,0,1492.02836833,3.0,3.0,87.0,15.0
6416 - Notre-Dame-de-Grâce / Décarie,0.0,0.0,1165.9482777,2897.68787899,0,6,2,0,1632.21397507,8.0,3.0,77.0,15.0
6417 - de la Salle / Hochelaga,0.0,368.62908781,1400.13182362,1362.7933979500003,0,11,3,0,1850.3178949,5.0,4.0,73.0,15.0
6418 - Paré / Mountain Sights,16403.367013100004,0.0,395.557046068,1561.03953562,0,18,4,0,2339.4288052600004,3.0,4.0,62.0,15.0
6419 - Beaucourt / de la Côte-Ste-Catherine,47510.2390479,0.0,456.997439737,1971.92362346,1,21,6,0,3485.41264168,9.0,4.0,85.0,23.0
6420 - Métro Snowdon (de Westbury / Queen-Mary),0.0,507.083220364,531.2960015790001,2422.62233383,1,43,18,0,1814.42664383,9.0,5.0,82.0,27.0
6421 - Cartier / Rosemont,31447.9749867,317.293505039,877.244888553,1540.99086794,0,15,3,0,1208.05234948,7.0,6.0,78.0,19.0
6422 - Fleury / Lajeunesse,43538.5024643,1007.98300922,955.233837243,1589.33162129,0,9,4,0,1465.42785479,8.0,5.0,82.0,15.0
6423 - Hôpital général juif (de la Côte Ste-Catherine / Légaré),0.0,0.0,0.0,2162.30813234,0,1,1,0,2813.53757229,3.0,1.0,78.0,15.0
6424 - Square Chaboillez (St-Jacques / de la Cathédrale),0.0,0.0,1758.7481174699997,1007.08518567,0,2,3,0,138.98827779200002,6.0,6.0,91.0,26.0
6425 - Métro de l'Église (Ross / de l'Église),0.0,761.5292951369998,972.5295687780002,658.0273905049999,1,22,11,0,1038.05947905,7.0,5.0,85.0,11.0
6426 - Métro Verdun (Willibrord / de Verdun),25551.7765256,344.02933594900003,0.0,1944.31104956,2,10,5,0,1774.30363836,3.0,3.0,86.0,27.0
6427 - Métro Lasalle (de Rushbrooke / Caisse),0.0,603.273298021,722.9083845049998,2079.73107776,1,4,3,0,2030.9457233,16.0,8.0,66.0,23.0
6428 - Berlioz / de l'Île des Soeurs,0.0,645.6281299950001,0.0,2922.40188973,0,4,0,0,1524.77820141,6.0,2.0,42.0,23.0
6429 - Place du Commerce,0.0,904.729054233,0.0,3019.48540762,0,12,7,0,533.90761936,6.0,4.0,59.0,33.0
6432 - de Maisonneuve / Greene,0.0278214917667,489.451046342,817.0859877169999,2481.0666940199994,0,63,12,0,1653.71516224,8.0,6.0,91.0,19.0
6433 - Hillside / Ste-Catherine,0.0,280.92152757900004,1166.3324938300002,1745.78500099,0,7,2,0,2528.68318375,5.0,2.0,81.0,15.0
6434 - Victoria / de Maisonneuve,357.829432339,663.3690645150001,1224.4011603900003,2274.06646407,0,21,4,0,1858.18295296,5.0,5.0,89.0,15.0
6435 - Victoria Hall,41833.4556901,0.0,496.709931747,1377.1607886899997,0,7,0,0,1110.48470575,4.0,4.0,86.0,15.0
6436 - Argyle / Sherbrooke,19653.1042293,231.149095142,900.024351116,2435.10265901,0,3,1,0,1082.89733888,5.0,4.0,75.0,19.0
6501 - Metro Jean-Drapeau (Chemin Macdonald),120486.67382800004,422.129103022,0.0,1103.13294918,1,0,1,0,0.0,3.0,3.0,7.0,20.0
6502 - Casino de Montréal,89881.6649328,1591.88961321,0.0,2344.6941789400007,0,0,0,0,0.0,1.0,1.0,34.0,19.0
6503 - Métro Parc  (Ogilvy / Hutchison),5870.282532,184.302921156,404.29848106,1618.19148295,1,21,5,1,1690.88758625,9.0,8.0,84.0,33.0
6504 - La Ronde,185590.683806,489.690019475,494.042980518,1835.58053661,0,0,0,0,0.0,2.0,2.0,14.0,23.0
6700 - de la Salle / Ste-Catherine,30890.1948784,1185.1713355500003,1364.1239775900003,3217.44841481,0,22,9,0,1686.14015646,10.0,5.0,77.0,19.0
6701 - Stanley / Sherbrooke,0.0,0.0,281.618463765,552.217479685,0,12,9,0,1223.57196916,3.0,3.0,95.0,39.0
6702 - Métro Assomption (Chauveau / de l'Assomption),0.0,0.0,274.676191683,2011.52785364,1,4,1,0,1007.72616315,8.0,6.0,57.0,27.0
6703 - Jardin Botanique (Pie-IX / Sherbrooke),86926.14487479998,588.2537635190001,1747.98131696,1322.26395826,0,2,1,0,714.6404922070001,7.0,5.0,62.0,15.0
6704 - 19e avenue / St-Zotique,48020.0937286,952.766039174,0.0,1965.36812709,0,1,0,0,1463.70419541,0.0,0.0,62.0,31.0
6705 - 5e avenue / Bannantyne,0.0,0.0,736.986316614,1753.45887976,0,5,3,0,1937.56127221,3.0,1.0,77.0,15.0
6706 - Beatty / de Verdun,0.0,341.355403151,0.0,2234.5878969,0,10,3,0,2158.1937126,4.0,1.0,68.0,23.0
6707 - Métro Jolicoeur (Drake / de Sève),20763.2895326,796.864614259,1847.11335721,1853.14349952,1,0,0,0,1119.41340084,10.0,4.0,62.0,19.0
6709 - Le Caron / Marc-Sauvalle ,18641.4030236,740.1770533679999,424.150625516,2641.953471980001,0,7,3,0,1799.5356552,3.0,1.0,57.0,23.0
6710 - Chambord / Fleury,0.0,1321.3137031500005,382.013285626,2487.02518535,0,33,16,0,1610.63555924,8.0,3.0,82.0,15.0
6711 - Alexandra / Waverly,0.0,0.0,13.6774363044,1109.3280148,0,14,2,0,653.9588207609999,0.0,0.0,88.0,15.0
6712 - LaSalle / Crawford,60316.3039074,1218.5345768499997,500.230413785,1047.07560067,0,1,0,0,433.416764151,4.0,1.0,19.0,15.0
6713 - 29e avenue / St-Zotique,0.0,1547.04501457,0.0,3032.94261092,0,2,0,0,2348.21522602,0.0,0.0,58.0,15.0
6714 - LaSalle / 90e avenue,18293.8770148,523.0054291519999,501.226385496,865.4141836569999,0,1,1,0,860.3957103269998,4.0,4.0,25.0,31.0
6715 - Natatorium (LaSalle / Rolland),69030.12967140002,820.0744004889999,793.315393559,915.400364044,0,2,0,0,852.830587735,7.0,3.0,43.0,27.0
6716 - Francis / Fleury,0.0,0.0,0.0,2845.9504004600008,0,16,9,0,1283.12183622,4.0,2.0,77.0,19.0
6717 - de Kent / Victoria,2227.42423439,334.994799499,941.464877148,1847.72733466,2,39,13,0,2478.36996151,11.0,6.0,84.0,19.0
6718 - Grand Boulevard / Sherbrooke,0.0,1213.67310894,346.90902096800005,1974.30421153,0,17,3,0,2335.93450671,6.0,3.0,79.0,19.0
6719 - Park Row O / Sherbrooke,37204.6817913,0.0,921.809474128,1977.92144329,0,6,3,0,1376.08466114,8.0,3.0,58.0,15.0
6720 - Ontario / Viau,24117.3231697,706.9407166350002,941.066183656,1270.8853767,0,7,1,0,1870.33364889,7.0,4.0,53.0,19.0
6721 - Métro Cadillac (de Cadillac / Sherbrooke),0.0,499.645120004,998.597679131,2198.73494378,2,12,7,0,1596.09874143,11.0,6.0,72.0,19.0
6722 - du Quesne / Pierre-de-Coubertin,34484.88317220001,800.770617193,0.0,2564.97537948,0,0,0,0,1448.68030455,8.0,2.0,57.0,11.0
6723 - 26e avenue / Beaubien,0.0,954.837256371,0.0,3002.20452664,0,13,4,0,2134.03331364,5.0,4.0,60.0,15.0
6724 - Léa-Roback / Sir-Georges-Etienne-Cartier,56.6149537578,1338.7617574700002,419.970873808,1013.79498222,0,4,0,0,347.898495825,4.0,1.0,69.0,35.0
6725 - Métro Monk (Allard / Beaulieu),6411.5464832,181.596378274,0.0,3004.03783728,2,14,5,0,1845.36632395,7.0,4.0,64.0,15.0
6726 - Hamel / Sauvé,41168.3819142,453.928554493,965.009607311,2015.49758742,0,6,0,0,1113.82149899,6.0,3.0,58.0,27.0
6727 - de la Sucrerie / Centre,9341.32941492,825.975062245,248.576913996,2174.09028973,0,13,1,0,926.245686118,5.0,3.0,64.0,31.0
6728 - d'Outremont / Ogilvy,0.0,479.485621688,275.338430966,2763.7625207800006,0,27,8,0,3245.2995061,7.0,7.0,79.0,15.0
6729 - St-André / Ste-Catherine,0.0,151.757755417,0.0,1389.6407911299998,1,20,23,0,769.854003773,5.0,3.0,94.0,15.0
6730 - 35e avenue / Beaubien,53218.5192288,978.068065974,418.611909221,2332.36278352,0,6,4,0,1321.0462799299996,9.0,3.0,61.0,31.0
6731 - 28e avenue / Rosemont,75044.54660009999,948.388496444,996.1310904,2159.55044244,0,3,1,0,1929.44491454,7.0,3.0,47.0,19.0
6732 - Fortune / Wellington,0.0,733.2756324869999,465.553836675,2732.47040944,0,6,2,0,1547.87141989,7.0,3.0,58.0,27.0
6733 - Villeray / de Normanville,50524.0159478,360.710190923,268.18265824,1948.39564258,0,5,0,0,1878.84505022,4.0,2.0,77.0,23.0
6734 - Lajeunesse / Villeray,0.0,788.8973191619999,174.627457761,2090.43703804,0,14,6,0,2125.92522041,4.0,3.0,81.0,15.0
6735 - Villeray / St-Michel,2368.03488531,260.05572224400004,1015.54988813,2408.25754723,0,9,4,0,1617.29005182,12.0,8.0,73.0,15.0
6736 - Métro Henri-Bourassa (Henri-Bourassa / Millen),63316.91010649999,325.067502286,1330.2598409699997,2061.54269312,3,12,9,0,1674.10319297,16.0,15.0,82.0,16.0
6737 - Jacques-Casault / Christophe-Colomb,1046.99758678,491.655204817,2552.84830419,1992.72097431,0,2,1,0,872.826743101,7.0,3.0,65.0,31.0
6738 - Union / René-Lévesque,0.0,0.0,991.084560256,641.886653172,1,11,13,0,141.70994619499996,7.0,18.0,97.0,39.0
6739 - Pierre-de-Coubertin / Langelier,25488.0784971,499.69252770300005,994.834944767,2282.89375179,0,2,0,0,2164.08512234,3.0,1.0,61.0,19.0
6741 - Canning / Notre-Dame,0.0,0.0,193.080353195,913.776251012,0,5,1,0,534.597048827,0.0,0.0,77.0,23.0
6742 - St-Patrick / Briand,19.5785709083,771.004347532,1290.3524275200002,1708.36633041,0,8,2,0,1121.64847842,6.0,3.0,60.0,17.0
6743 - St-Marc / Sherbrooke,0.0,0.0,170.307259011,324.398268895,0,3,2,0,1250.79782426,2.0,2.0,95.0,15.0
6744 - Hamilton / Jolicoeur,1529.26609766,0.0,498.49370975,2392.5700742200006,0,24,9,0,2204.43891947,8.0,3.0,66.0,15.0
6745 - de l'Épée / Jean-Talon,0.0,0.0,368.235880466,1963.65706892,0,38,10,0,2517.44199573,7.0,7.0,82.0,19.0
6746 - Métro Acadie (de l'Acadie / Beaumont),0.0,227.646205629,517.980664935,1947.44185736,2,15,8,0,1450.4279842399997,6.0,7.0,76.0,21.0
6747 - Waverly / St-Zotique,0.0,0.0,0.0,1591.80913864,0,15,1,0,473.203421898,0.0,0.0,91.0,15.0
6748 - Young / Wellington,7798.93153134,87.14965027309998,740.9743459189999,493.479762242,0,10,0,0,812.9115902769998,7.0,5.0,79.0,27.0
6749 - St-Jacques / St-Laurent,9300.67868284,269.178677418,608.953334562,1651.26546488,0,31,15,0,268.873296965,4.0,4.0,96.0,15.0
6750 - de Mentana / Gilford,0.0,143.790300131,313.835219167,1416.4283884499996,0,2,2,0,1175.18010012,3.0,3.0,90.0,19.0
6752 - Hutchison / Beaubien,0.0,0.0,263.866687207,972.765723765,0,9,4,0,91.4003294439,1.0,3.0,84.0,26.0
6753 - Centre ÉPIC (St-Zotique / 40e avenue),23196.6960803,949.794561486,182.664485703,1744.1599851,0,1,0,0,1075.1313163,2.0,1.0,59.0,23.0
6754 - Eadie / Dubois,24504.7000778,896.722760209,843.199220407,3169.42320362,0,7,3,0,1629.08383545,9.0,3.0,66.0,23.0
6901 - Gare d'autocars de Montréal (Berri / Ontario),0.0,315.098733114,19.0793337926,1458.25703948,0,10,13,0,261.137413831,6.0,5.0,95.0,15.0
6902 - Montcalm / Ontario,0.0,0.0,0.0,1413.51818898,0,10,6,0,1013.91226189,2.0,2.0,93.0,31.0
6903 - St-Dominique / Napoléon,0.0,0.0,135.669342245,906.627645999,0,12,12,0,556.615588726,1.0,3.0,94.0,27.0
6904 - Fabre / Beaubien,13340.1602794,887.585676085,194.234914529,1546.98405381,0,18,6,0,1249.1492469299997,4.0,3.0,84.0,19.0
6905 - Parc Rosemont (Dandurand / d'Iberville),16956.373556700004,684.922686,499.206300897,2433.24958271,0,17,4,0,898.68417363,6.0,2.0,79.0,19.0
6906 - Métro Rosemont (de St-Vallier / Rosemont),0.0,0.0,287.511911215,730.959551631,0,4,3,0,986.839947936,3.0,4.0,86.0,23.0
6907 - Boyer / Rosemont,8015.393779449998,601.4990386529998,492.860457168,1955.82261886,0,13,4,0,1775.43098341,7.0,5.0,84.0,35.0
6908 - de Bellechasse / de St-Vallier,0.0,562.517952833,284.944407613,1422.58217394,0,21,4,0,1262.8524725900004,4.0,3.0,90.0,15.0
6910 - Boyer / Beaubien,0.0,380.126755375,314.931121446,1083.98824727,0,19,11,0,1268.4838444899997,4.0,2.0,89.0,23.0
6912 - Métro Beaubien (de Chateaubriand / Beaubien),0.0,0.0,0.0,1186.0463790099998,1,58,9,0,817.876653311,8.0,4.0,93.0,23.0
6913 - Drolet / Beaubien,0.0,388.494505374,304.159133191,993.569864693,0,5,6,0,963.819344316,4.0,4.0,92.0,27.0
6915 - Alma / Beaubien,0.0,221.007065814,0.0,1821.27114664,0,13,12,0,1764.22742585,3.0,2.0,89.0,19.0
6916 - Parc du Pélican (2e avenue / St-Joseph),33971.7480095,1148.19608745,825.796689783,1733.20022041,0,2,0,0,1190.23000924,6.0,3.0,75.0,27.0
6917 - Basile-Routhier / Chabanel,4985.38779592,862.4710189669998,862.4735801,2426.62629786,0,18,3,0,2335.43779384,2.0,2.0,60.0,15.0
6918 - Garnier / des Carrières,39278.6958163,215.187307884,18.598078576600003,981.44316681,0,1,0,0,284.329680364,0.0,0.0,70.0,31.0
6919 - Bibliothèque de Rosemont (9e avenue / Rosemont),0.0,620.0746413569999,942.129679659,2296.70881417,0,7,5,0,1461.5589022,10.0,6.0,77.0,15.0
6921 - Augustin-Cantin / Shearer,0.0,105.747048502,430.827836736,704.7849384780001,0,4,3,0,605.6783452289999,5.0,1.0,69.0,31.0
6923 - Marquette / Jean-Talon,0.0,964.796481699,710.4669469009999,1275.6851376,2,16,12,0,1678.79559345,8.0,5.0,77.0,15.0
6924 - de Bordeaux / Jean-Talon,4708.69854894,334.562339612,333.41869609400004,1697.72923694,0,13,8,0,1804.16516051,6.0,3.0,78.0,15.0
6925 - des Écores / Jean-Talon,4877.57135877,407.349296986,740.394474391,1868.17835997,2,12,7,0,1475.00957564,8.0,4.0,76.0,15.0
6926 - Marie-Anne / St-Hubert,0.0,19.3058742855,19.308643723,1394.6627534899997,0,8,2,0,761.617773175,1.0,2.0,95.0,19.0
6927 - Édouard-Montpetit / de Stirling,0.0,417.53760224,0.0,1605.70801987,0,3,0,0,1268.34398238,3.0,3.0,49.0,19.0
6928 - Jean-Brillant / McKenna,5240.156038970002,543.800270213,0.0,1897.94704084,0,0,0,0,783.6096687079998,0.0,0.0,83.0,22.0
6929 - St-André / St-Grégoire,11717.3314106,508.800255172,0.0,2135.37310068,0,1,0,0,945.122501612,2.0,1.0,81.0,19.0
6930 - Cité des Arts du Cirque (Paul Boutet / des Regrattiers),0.0,426.936351609,855.416065548,981.912633901,0,1,1,0,74.6769346902,5.0,2.0,53.0,34.0
7001 - Ball / Querbes,24727.8212931,845.976663335,0.0,2518.61315469,0,5,0,0,3035.41864284,2.0,3.0,70.0,19.0
7002 - Meunier / Fleury,27983.7667354,220.727452116,0.0,2679.30217768,0,9,4,0,1048.69006881,5.0,1.0,75.0,19.0
7003 - Métro Guy-Concordia (Guy / St-Catherine),0.0,49.323410940600006,506.23743332,401.2155725,0,8,14,0,293.275115832,7.0,14.0,98.0,31.0
7004 - Émile-Journault / de Chateaubriand,26533.9807363,233.114556492,0.0,2467.07375196,0,1,0,0,1405.12809818,8.0,3.0,56.0,31.0
7005 - Marquette / Fleury,0.0,0.0,933.513142251,2224.50048179,0,13,3,0,1332.2380791,9.0,4.0,73.0,15.0
7006 - Clark / Fleury,0.0,64.1106057719,450.66777547,2527.19049661,0,22,3,0,1507.16880332,7.0,3.0,77.0,15.0
7007 - Kirkfield / de Chambois,14239.8197154,0.0,1970.36397782,1611.08941029,0,8,1,0,982.622564482,4.0,3.0,58.0,27.0
7008 - Rousselot / Jarry,3682.71245906,0.0,497.561107582,2128.0695937,0,11,6,0,1530.55665878,7.0,2.0,76.0,19.0
7009 - Place Émilie-Gamelin (de Maisonneuve / Berri),0.0,162.095271355,0.0,582.628137402,1,2,4,0,169.051654337,3.0,2.0,92.0,27.0
7010 - Coolbrook / Queen-Mary,0.0,729.64815937,2550.94989873,1429.37809384,0,40,23,0,1610.47261754,9.0,5.0,82.0,22.0
7011 - Panet / de Maisonneuve,0.0,228.044416653,0.0,1750.55426259,0,14,15,0,1091.72840573,2.0,2.0,89.0,23.0
7012 - St-Hubert / René-Lévesque,779.7947067819999,579.2129363990001,616.841289508,1434.1096694099997,0,8,5,0,845.8411391689999,6.0,10.0,92.0,11.0
7013 - Benny / Sherbrooke,4749.96501917,0.0,916.533442514,2061.39561328,0,13,5,0,3336.21810154,9.0,5.0,70.0,19.0
7014 - Métro Université de Montréal (Édouard-Montpetit / Louis-Collin),0.0,448.418979606,0.0,2954.62939178,3,3,0,0,1152.12481532,7.0,4.0,62.0,26.0
7015 - Parc des Rapides (LaSalle / 6e avenue),50312.3138314,540.235006399,500.244174306,1757.26332297,0,7,2,0,663.995619494,5.0,3.0,35.0,23.0
7016 - Métro Langelier (Langelier / Sherbrooke),8879.153174529998,0.0,1991.65506782,1388.5806007100002,3,7,9,0,945.074183414,16.0,8.0,72.0,19.0
7017 - Bennett / Ste-Catherine,28016.19997340001,1186.24387158,374.418392312,2690.89550281,0,22,6,0,1854.91041518,5.0,2.0,70.0,23.0
7018 - Valois / Ste-Catherine,27697.9306705,1153.1149963500004,543.3537145480001,2501.24277416,0,19,9,0,2148.24194134,6.0,3.0,76.0,23.0
7019 - Casgrain / St-Viateur,0.0,431.137479705,0.0,413.072463513,0,5,1,0,51.790761325,0.0,0.0,86.0,23.0
7020 - St-Germain / Hochelaga,15858.7046592,0.0,340.009660086,1820.80605411,0,3,1,0,1325.2794710499998,5.0,5.0,70.0,15.0
7021 - Dollard / Van Horne,6516.98165492,593.1125723350002,1056.15638435,1241.8205205100005,0,16,6,0,1474.23471008,5.0,5.0,72.0,23.0
7022 - Durocher / Bernard,5390.28255328,0.0,0.0,1730.3766218,0,9,3,0,2102.98342274,2.0,2.0,94.0,15.0
7024 - Berri / St-Joseph,0.0,97.7164844736,450.211794049,320.441647502,0,3,0,0,280.644447631,10.0,10.0,95.0,18.0
7025 - St-Dominique / Bernard,0.0,666.588227216,473.519787292,742.8831502399998,0,5,3,0,206.684802769,2.0,3.0,89.0,23.0
7026 - Maguire / Henri-Julien,0.0,0.0,133.718111503,670.834612646,0,4,0,0,720.370117818,2.0,3.0,95.0,19.0
7027 - Terrasse Guindon / Fullum,20885.4149894,259.891035718,0.0,1236.34461318,0,2,1,0,875.6062146949998,0.0,0.0,90.0,15.0
7028 - de Gaspé / St-Viateur,0.0,3.68341610716,0.0,455.083873201,0,3,1,0,156.00597159,1.0,1.0,91.0,23.0
7029 - Cartier / Masson,0.0,0.0,180.727799446,563.355259709,0,4,1,0,629.8189088489999,4.0,4.0,69.0,18.0
7030 - de Bordeaux / Marie-Anne,1639.58973019,513.440477866,0.0,1065.99670132,0,1,1,0,971.779381953,2.0,2.0,92.0,11.0
7031 - Berri / Rachel,0.0,169.093736659,169.09419200299996,665.103745518,0,10,7,0,504.489234677,2.0,1.0,95.0,15.0
7032 - Drolet / Laurier,0.0,346.36448818199995,446.700920547,977.801832341,0,4,5,0,933.041630665,4.0,6.0,95.0,27.0
7033 - Aylmer / Prince-Arthur,0.0,258.932994695,10.9295172873,742.6649971949998,0,1,1,0,726.79114659,0.0,0.0,93.0,19.0
7034 - Atwater / Greene,0.0,0.0,616.09400927,473.321206241,0,8,13,0,240.286103703,4.0,4.0,85.0,25.0
7035 - Fullum / Gilford,11182.328090600002,339.845108011,947.017011276,1195.05380212,0,2,1,0,1203.9603847,8.0,4.0,87.0,15.0
7036 - Labadie / du Parc,0.0,0.0,381.719194146,989.877317837,0,40,24,0,1109.23892549,7.0,5.0,97.0,15.0
7037 - Prince-Arthur / Ste-Famille,0.0,299.98660491,0.0,589.2681225790001,0,1,1,0,686.445149296,0.0,0.0,95.0,15.0
7038 - Guilbault / Clark,0.0,260.938797368,550.026256177,527.981859463,0,19,10,0,773.479633039,4.0,5.0,94.0,19.0
7039 - du Mont-Royal / Augustin-Frigon,0.0,605.8709390110001,0.0,1624.16304176,0,0,0,0,654.2095770209999,2.0,1.0,73.0,23.0
7040 - St-Urbain / Beaubien,0.0,194.330241527,538.911386636,629.936462322,0,28,10,0,543.82582545,4.0,4.0,90.0,19.0
7041 - de Maisonneuve / Peel,0.0,83.6711312614,215.93654588400003,83.6701538205,2,10,10,0,83.7668163413,4.0,3.0,96.0,18.0
7042 - Alexandra / Jean-Talon,0.0,0.0,516.783590216,1186.0232987299996,0,15,7,0,593.622717256,2.0,3.0,88.0,15.0
7043 - Ernest-Gendreau / du Mont-Royal,5698.78984926,380.810892269,770.871317188,1624.21812663,0,0,0,0,1879.26078283,7.0,3.0,66.0,23.0
7044 - Hôpital Santa Cabrini (St-Zotique / Jeanne-Jugan),0.0,948.807770844,0.0,2428.96715957,0,2,0,0,1180.84748784,2.0,1.0,54.0,15.0
7045 - Casgrain / Mozart,0.0,401.016649332,0.0,1022.70335553,0,14,6,0,392.977785409,0.0,0.0,93.0,15.0
7046 - de Maisonneuve / Mansfield (nord),0.0,143.893062087,0.0,869.680853231,0,6,7,0,37.459762662,1.0,2.0,97.0,19.0
7047 - Ottawa / Peel,0.0,135.12244584,258.762430919,1233.0341217100004,0,9,1,0,1164.9005922,2.0,3.0,82.0,31.0
7048 - Métro Angrignon (Lamont /  des Trinitaires),76837.46887559998,257.07955765400004,990.662232279,1797.08050952,1,1,0,0,1160.2980139,14.0,12.0,45.0,27.0
7049 - William / Guy,0.0,0.0,107.201462688,847.6051723789999,0,1,5,0,114.070459967,3.0,2.0,80.0,24.0
7050 - Ottawa / William,0.0,75.1793325027,0.0,517.326800098,0,4,0,0,74.0722084549,0.0,0.0,76.0,15.0
7051 - Jogues / Allard,0.0,318.544585835,0.0,3007.6482166,0,7,3,0,2126.30663371,4.0,1.0,59.0,23.0
7052 - Shearer / Centre,0.0,234.133018254,0.0,1660.05003269,0,2,4,0,794.5001725689999,3.0,3.0,68.0,23.0
7053 - Ropery / Augustin-Cantin,0.0,378.46774132,455.762692192,1278.89923738,0,5,1,0,1069.27202158,2.0,3.0,78.0,23.0
7054 - de la Côte St-Paul / St-Ambroise,44955.5205485,761.0729320339999,707.565238568,1429.01371204,0,6,1,0,1122.9922513,11.0,3.0,60.0,35.0
7055 - Rose-de-Lima / Notre-Dame,0.0,0.0,196.118793056,1066.53204118,0,14,4,0,718.4085024860001,2.0,3.0,85.0,27.0
7056 - Bibliothèque de Verdun (Brown / Bannantyne),22899.728948200005,0.0,0.0,3260.19511478,0,2,1,0,2063.59490187,6.0,1.0,61.0,15.0
7057 - 2e avenue / Wellington,0.0,0.0,676.571853746,2110.17907951,0,41,19,0,2884.08968584,4.0,2.0,86.0,15.0
7058 - Gordon / Wellington,0.0,237.723557477,237.72790017,1181.2664910300002,1,19,8,0,1498.52150525,6.0,5.0,88.0,15.0
7059 - Argyle / de Verdun,0.0,343.060706372,0.0,2583.96971285,0,8,5,0,1782.80325134,7.0,3.0,78.0,23.0
7060 - de l'Église / de Verdun,0.0,1174.3033027699996,733.1471661319999,1550.88003421,0,16,8,0,2006.26546022,10.0,4.0,85.0,19.0
7061 - Lajeunesse / de Castelnau,0.0,884.73627767,251.306581975,1725.25776979,0,27,6,0,1645.87935653,6.0,5.0,89.0,15.0
7062 - William / Robert-Bourassa,0.0,457.510143896,1099.62761122,1880.6403017,0,5,0,0,447.354401942,4.0,2.0,86.0,21.0
7063 - Drolet / Jarry,0.0,454.534734466,434.593450131,454.540474349,0,7,2,0,718.362767214,4.0,3.0,79.0,19.0
7064 - Clark / de Liège,0.0,0.0,712.063073041,2116.64732134,0,11,8,0,869.9033642079999,5.0,3.0,74.0,23.0
7065 - de Lanaudière / Bélanger,0.0,244.481594823,0.0,1768.48723092,0,8,4,0,1658.42151748,4.0,1.0,81.0,23.0
7066 - St-Urbain / de la Gauchetière,0.0,274.050396816,637.6162614609999,615.79411007,0,27,29,0,517.270306697,4.0,11.0,97.0,43.0
7067 - City Councillors / du President-Kennedy,0.0,49.1254298707,153.820145903,662.233524018,0,11,8,0,359.197174545,3.0,4.0,99.0,31.0
7068 - Basin / Richmond,0.0,1143.84610666,0.0,1123.52780639,0,5,0,0,199.549158232,1.0,1.0,72.0,11.0
7069 - Jeanne-Mance / René-Lévesque,0.0,0.0,901.285549424,814.461473363,0,13,13,0,571.410284381,3.0,16.0,93.0,66.0
7070 - Bourgeoys / Favard,6903.23191324,1236.5952067500002,180.747794649,2998.64393418,0,4,1,0,1786.39747006,11.0,3.0,50.0,23.0
7071 - St-Mathieu / Sherbrooke,0.0,0.0,819.752772075,870.66628443,0,24,18,0,3528.03687959,8.0,7.0,96.0,15.0
7072 - Beaudry / Sherbrooke,32284.7800835,126.340716059,264.488169158,1256.5730053,0,2,1,0,855.428175809,7.0,3.0,85.0,15.0
7073 - Logan / de Champlain,17958.8612026,505.268870716,370.45421911,1304.2719188099998,0,2,0,0,932.440638888,5.0,5.0,85.0,19.0
7074 - St-André / Robin,0.0,0.0,0.0,1082.99565169,0,2,3,0,1047.30029909,0.0,0.0,94.0,19.0
7075 - CIUSSS (du Trianon / Pierre-de-Coubertin),0.0,383.576274198,0.0,1949.34094921,0,0,0,0,1147.4007291,0.0,0.0,55.0,31.0
7076 - Tupper / du Fort,0.0,0.0,435.62909602,1597.61281753,0,13,5,0,2417.69241256,3.0,8.0,95.0,19.0
7077 - Jean Langlois / Fullum,0.0,604.992086394,989.932767932,940.530259142,0,1,1,0,226.275412667,0.0,0.0,72.0,27.0
7078 - Hochelaga / Chapleau,0.0,252.792501053,249.434621787,736.552078512,0,2,0,0,1030.04912653,1.0,2.0,81.0,23.0
7079 - Notre-Dame / Gauvin,0.0,0.0,5.24621165764,665.3902785969999,0,4,3,0,143.026457754,0.0,0.0,91.0,19.0
7080 - du President-Kennedy / Union,0.0,158.528084018,365.877299432,366.98187031300006,0,7,13,0,14.771689081500002,2.0,2.0,99.0,23.0
7081 - St-Denis / de Maisonneuve,0.0,116.219732006,291.69622302700003,371.659519948,1,5,10,0,49.9241674684,1.0,1.0,93.0,27.0
7082 - Métro Lionel-Groulx (Atwater / Lionel-Groulx),0.0,338.030641438,1085.74546535,1176.9258706099995,1,14,6,0,1115.96016014,21.0,17.0,85.0,19.0
7083 - Parc de Bullion (de Bullion / Prince-Arthur),0.0,189.191979228,0.0,1252.8377605299995,0,7,18,0,1001.15486479,0.0,0.0,94.0,20.0
7084 - McTavish / Sherbrooke,19875.0341096,0.0,304.862876683,717.3265274569998,0,5,9,0,266.861321432,4.0,3.0,88.0,15.0
7090 - de St-Firmin / Fleury,33465.0524435,0.0,0.0,3010.28486947,0,7,5,0,1327.6704296700002,7.0,3.0,69.0,31.0
7091 - Fleury / André-Jobin,68055.9557608,135.497340428,0.0,2102.03835358,0,14,6,0,1065.41234736,3.0,1.0,63.0,23.0
7092 - Gare Bois-de-Boulogne,0.0,1773.91435244,994.799011569,1524.83197037,0,4,1,0,968.430548978,6.0,6.0,54.0,31.0
7095 - Chabanel / de l'Esplanade,0.0,0.0,0.0,2338.3461417799995,0,14,6,0,1226.4057937,5.0,3.0,70.0,15.0
7096 - Chabanel / du Parc,0.0,0.0,0.0,1727.89191425,0,13,7,0,498.935146531,7.0,4.0,72.0,30.0
7097 - Bélanger / des Galeries d'Anjou,0.0,560.480844778,0.0,1503.65220925,0,8,3,0,1241.20419316,6.0,4.0,79.0,23.0
7099 - Vezina / Victoria,11306.7972505,357.531539395,474.627488006,2468.7866582,0,10,3,0,3472.03341662,5.0,3.0,80.0,23.0
7101 - Métro de la Savane (de Sorel / Bougainville),0.0,0.0,2332.36407987,2066.6117509,1,20,2,0,423.769239169,5.0,5.0,59.0,23.0
7102 - Grand Boulevard / de Terrebonne,12014.8649916,998.300144651,0.0,2465.924790700001,0,2,1,0,1822.30733754,4.0,1.0,68.0,27.0
7103 - St-Joseph / 8e avenue Lachine,8060.0455647,923.73807807,803.3420927849999,1229.5547507100002,0,4,1,0,583.3783034740001,2.0,2.0,46.0,31.0
7105 - St-Joseph / 34e avenue Lachine,23141.358256600004,912.707397804,486.332083942,701.0718540060001,0,4,4,0,242.220294642,4.0,1.0,54.0,27.0
7107 - 19e avenue / St-Joseph Lachine,13938.642916700002,848.713736315,504.79337536,1046.56190123,0,7,7,0,593.1951413710001,0.0,0.0,55.0,19.0
7108 - Gagne / LaSalle,44780.1913888,468.25457371,505.493516278,1537.47603227,0,0,0,0,635.237997452,3.0,3.0,34.0,31.0
7109 - Cégep André-Laurendeau,0.0,487.021669588,225.584820211,1901.6125274,0,1,0,0,861.7402946549998,4.0,3.0,35.0,22.0
7110 - LaSalle / 67e avenue,18047.6688298,681.2581282849999,499.540116071,1327.5396781900004,0,3,0,0,468.582751284,7.0,2.0,37.0,31.0
7111 - Highlands / LaSalle,4245.61583803,380.210799724,376.992389166,2345.3874742200005,0,3,2,0,721.529499188,6.0,2.0,15.0,27.0
7112 - Newman / Senkus,0.0,503.147860092,979.759972503,1395.4533873,0,5,2,0,1022.5687697,6.0,5.0,63.0,19.0
7113 - Casgrain / Maguire,0.0,228.948959025,0.0,688.5727595649998,0,4,2,0,358.02486884,2.0,1.0,92.0,15.0
7114 - Smith / Peel,12115.509081900002,712.1470605609999,325.854328283,981.755807512,0,0,0,0,264.347621155,0.0,0.0,79.0,19.0
7115 - Métro Radisson (Sherbrooke / des Groseilliers),19501.7385404,367.034032389,995.608689341,1788.9527116,3,4,3,0,326.003028927,13.0,10.0,74.0,15.0
7116 - Métro Honoré-Beaugrand (Sherbrooke / Honoré-Beaugrand),60536.4536075,0.0,1224.8623504899997,1736.21005303,3,3,4,0,869.162296494,20.0,15.0,70.0,23.0
7119 - Notre-Dame / Liébert,84753.71467299998,902.060370694,499.800521558,1294.2531112099996,0,9,2,0,1184.18821124,6.0,4.0,50.0,31.0
7120 - Notre-Dame / des Ormeaux,86009.30324419998,746.724161007,739.406851259,1956.60798398,0,4,2,0,975.84780753,11.0,4.0,57.0,31.0
7124 - Dollard / Bernard,5699.67020278,456.10194351,311.18311214700003,2167.24868433,0,2,0,0,849.315054955,1.0,2.0,79.0,23.0
7125 - Rosemont / Viau,84085.8568276,1454.76900378,1681.17529358,1343.0645648300003,0,1,1,0,542.450877862,8.0,4.0,47.0,23.0
7126 - 41e avenue / Rosemont,12801.487399900005,532.0440720290001,919.452814235,2518.107583,0,2,0,0,910.109886101,4.0,2.0,46.0,23.0
7127 - Jeanne-Mance / Beaubien,0.0,0.0,251.513598521,600.73693423,0,14,0,0,300.076946903,2.0,3.0,86.0,15.0
7128 - Métro Côte-Vertu (Gohier / Edouard-Laurin),5837.244876590001,405.673586799,1534.29711391,3290.10576047,3,32,15,0,1028.56664076,28.0,26.0,75.0,25.0
7129 - de l'Eglise / St-Germain,15627.903732099998,967.973457153,1080.12617983,2221.48555137,0,20,13,0,969.043873582,9.0,9.0,80.0,31.0
7130 - Métro du Collège (Cartier / Décarie),4002.54775251,0.0,622.6995247489998,2592.64844376,2,7,5,0,1269.4383890099996,17.0,17.0,74.0,17.0
7133 - Thimens / Alexis-Nihon,39378.613549,1584.28304746,1402.3620022300004,1674.46883558,0,7,2,0,1169.4943075699996,12.0,4.0,44.0,27.0
7136 - Marcel-Laurin / Beaudet,30908.3202731,386.26281383,983.757887973,2579.93190297,0,4,1,0,1087.5270195700002,6.0,2.0,67.0,27.0
7137 - de Lisieux / Jean-Talon,20599.7464547,817.3359877639999,498.831449118,2921.63666592,0,27,9,0,1501.78347033,10.0,3.0,76.0,23.0
7139 - Parc Plage,98218.7562449,1225.4389105,0.0,1357.6283406499997,0,0,1,0,0.0,0.0,0.0,17.0,23.0
7140 - St-Jacques / des Seigneurs,11760.8733638,319.773555042,380.39713308,1785.33076158,0,3,0,0,1555.4104883099997,0.0,0.0,80.0,55.0
7141 - Turgeon / Notre-Dame,27844.519919399994,226.777988523,308.097602568,1410.87763708,0,17,6,0,963.765684999,3.0,3.0,85.0,19.0
7142 - Elgar / de l'Île-des-Sœurs,28491.665973,286.643174739,0.0,2182.70123993,0,4,2,0,1695.45407821,1.0,2.0,31.0,14.0
7143 - LaSalle / Godin,61490.5704158,1090.49165756,434.281865717,1319.9778843699996,0,7,1,0,940.874809104,6.0,2.0,53.0,27.0
7144 - Hickson / Wellington,0.0,0.0,326.433374878,1984.56510099,0,35,15,0,1812.26863272,2.0,3.0,85.0,15.0
7145 - Argyle / Bannantyne,287.978959605,0.0,0.0,2622.26196915,0,11,0,0,1984.93580972,5.0,3.0,77.0,15.0
7146 - Lusignan / St-Jacques,0.0,0.0,798.8154880610001,704.1636440550002,0,1,2,0,1553.10175278,4.0,2.0,88.0,23.0
7147 - Métro de Castelnau (de Castelnau / Clark),0.0,0.0,652.867131966,558.709666546,2,9,2,0,561.288180657,4.0,6.0,88.0,23.0
7148 - Papineau / Émile-Journault,0.0,798.009923644,995.726255686,576.832126233,0,0,0,0,887.8313682039999,4.0,3.0,44.0,35.0
7149 - 16e avenue / Jean-Talon,1015.46018726,906.543735006,499.167356281,3115.38903934,0,25,10,0,2955.88004684,4.0,5.0,76.0,11.0
